case,replicate,run,material_name,material_code,DOC_mm,feed_mm_rev,VB_mm,smcAC_mean,smcAC_std,smcAC_rms,smcAC_p2p,smcAC_kurtosis,smcAC_crest,smcAC_rms_w1,smcAC_rms_w2,smcAC_rms_w3,smcAC_rms_steady,smcAC_rms_drift_ratio,smcAC_dom_freq,smcAC_dom_mag,smcAC_spindle_band_pwr,smcAC_tooth_band_pwr,smcAC_total_ac_pwr,smcDC_mean,smcDC_std,smcDC_rms,smcDC_p2p,smcDC_kurtosis,smcDC_crest,smcDC_rms_w1,smcDC_rms_w2,smcDC_rms_w3,smcDC_rms_steady,smcDC_rms_drift_ratio,smcDC_dom_freq,smcDC_dom_mag,smcDC_spindle_band_pwr,smcDC_tooth_band_pwr,smcDC_total_ac_pwr,vib_table_mean,vib_table_std,vib_table_rms,vib_table_p2p,vib_table_kurtosis,vib_table_crest,vib_table_rms_w1,vib_table_rms_w2,vib_table_rms_w3,vib_table_rms_steady,vib_table_rms_drift_ratio,vib_table_dom_freq,vib_table_dom_mag,vib_table_spindle_band_pwr,vib_table_tooth_band_pwr,vib_table_total_ac_pwr,vib_spindle_mean,vib_spindle_std,vib_spindle_rms,vib_spindle_p2p,vib_spindle_kurtosis,vib_spindle_crest,vib_spindle_rms_w1,vib_spindle_rms_w2,vib_spindle_rms_w3,vib_spindle_rms_steady,vib_spindle_rms_drift_ratio,vib_spindle_dom_freq,vib_spindle_dom_mag,vib_spindle_spindle_band_pwr,vib_spindle_tooth_band_pwr,vib_spindle_total_ac_pwr,AE_table_mean,AE_table_std,AE_table_rms,AE_table_p2p,AE_table_kurtosis,AE_table_crest,AE_table_rms_w1,AE_table_rms_w2,AE_table_rms_w3,AE_table_rms_steady,AE_table_rms_drift_ratio,AE_table_dom_freq,AE_table_dom_mag,AE_table_spindle_band_pwr,AE_table_tooth_band_pwr,AE_table_total_ac_pwr,AE_spindle_mean,AE_spindle_std,AE_spindle_rms,AE_spindle_p2p,AE_spindle_kurtosis,AE_spindle_crest,AE_spindle_rms_w1,AE_spindle_rms_w2,AE_spindle_rms_w3,AE_spindle_rms_steady,AE_spindle_rms_drift_ratio,AE_spindle_dom_freq,AE_spindle_dom_mag,AE_spindle_spindle_band_pwr,AE_spindle_tooth_band_pwr,AE_spindle_total_ac_pwr
1,1,1,Cast Iron,1,1.5,0.5,0.0,-0.16425537109375,1.5233353005998844,1.5321652211778227,8.02490234375,-0.7222014588813765,2.495319783176488,1.2308083040502988,1.8083541683968551,1.502516860232591,1.8259865677596472,1.220756193542214,12.555555555555555,1.33986481617517,9913.702744460952,5.484069160620093,10449.873707270623,5.438449435763889,2.243695730595105,5.883103160480127,7.1923828125,-0.8547176330704187,1.3287856084206442,4.619990526096049,7.025779213797756,5.755590531674741,7.033031873622912,1.2458013710556868,0.027777777777777776,2.691472028847026,35.50273368079833,8.516817248353235,22653.77166419029,1.6121793619791667,0.7770767834995014,1.7896845036613254,2.7490234375,-0.3112706735070523,1.5715060359779642,1.5293206984027266,2.03150902343697,1.772868059689614,2.0432888531497837,1.1592519878539906,0.027777777777777776,0.7431337836364384,118.77886526854645,93.39262016328375,2717.3213375979008,0.5503841145833334,0.14926376186710263,0.570265152532047,0.574951171875,-1.085246260827634,1.5048338357423559,0.4909953919184434,0.6526825335416345,0.5554602308912169,0.6519553276468213,1.1312941832730712,0.027777777777777776,0.16294646060473544,7.43476836640623,4.122632678339998,100.25854204926232,0.16963148328993055,0.05463574864233757,0.1782130891737492,0.3961181640625,-0.09408847988864455,2.6268533394934104,0.1527365856709867,0.2035573460189296,0.17468731418695274,0.2030203834136928,1.1437162446674736,0.027777777777777776,0.049713175881021185,2.813255084996013,0.29802487311242265,13.432816328605016,0.18850409613715277,0.0564788298235407,0.19678326269965493,0.34912109375,0.15737514904130112,2.180455504960242,0.1735995747521507,0.20981284248858936,0.20497003734423,0.21835951660097064,1.1807058723321593,0.027777777777777776,0.04268092811882015,3.3041835398436836,0.1396337232755676,14.354363970955212
1,1,4,Cast Iron,1,1.5,0.5,0.11,-0.16282307942708332,1.6306087337480009,1.6387178517882133,8.2421875,-0.7883426045320516,2.4299079853220653,1.4964952891167629,1.9507364321138292,1.4182093693750846,1.9280394858218657,0.9476871592506764,12.638888888888888,1.3897071129321255,11450.268773353111,6.3093374671392635,11964.984330534937,5.827789171006945,2.3849611134575395,6.296917192913563,8.0615234375,-0.7243011001196384,1.3011699414152467,5.709140770138449,7.518147042890391,5.462295772974285,7.4323696473665875,0.9567631965820003,0.027777777777777776,2.8477308295804566,33.150702255914794,7.1176792703989955,25596.17784323163,1.4277110460069444,0.6618642881796705,1.573665519371199,2.47314453125,-0.23764147639165945,1.6088160095555917,1.4277576373319105,1.826262758546824,1.4337161386965067,1.8175902680434728,1.004173328307829,0.027777777777777776,0.6713876642658907,99.33872810886328,78.15869058409484,1971.291002925237,0.5097483995225695,0.11934769609988448,0.5235334787577309,0.465087890625,-1.0532054723235713,1.4199821659715057,0.5015446308157518,0.5908658567586952,0.4707360542355118,0.582350152740203,0.9385726121120457,0.027777777777777776,0.12946902303973695,4.5237722201473485,3.0001708161892378,64.09745887716613,0.18783169216579862,0.05308774619475901,0.19518978809842097,0.352783203125,-0.19057577158256445,2.2170179189615133,0.1841388213423087,0.21940796960972617,0.17958339978996457,0.2170570906531569,0.9752609388985078,0.027777777777777776,0.04837615460628547,2.2076715156923,0.3095971465698017,12.68239923665921,0.2169057888454861,0.06404645436441297,0.22616381132120905,0.430908203125,0.6232076527386932,2.3047022038141582,0.22036602754299217,0.22711709096788266,0.23088276148126358,0.24606974575501755,1.0477239348348268,0.05555555555555555,0.05286299731103951,3.6880830460796594,0.49171012776128786,18.458793386071918
1,1,6,Cast Iron,1,1.5,0.5,0.2,-0.15732747395833332,2.007536022287473,2.0136913405097414,9.4677734375,-0.8504973733918866,2.2756812025074264,1.674577546579133,2.40303448306927,1.8936931531282406,2.406297069435981,1.1308482888694658,13.083333333333332,1.6919696169367144,17628.323588543528,9.304796906235897,18135.96746468544,7.148231879340278,2.986456453100742,7.747008528915126,9.1845703125,-0.6846821784469208,1.273803175208575,6.36749958669868,9.264862784844802,7.3256870007284025,9.275564672395875,1.1504809542557832,0.027777777777777776,3.5886061421609474,25.063271977846988,2.877194586003096,40135.14988852607,0.9306100802951389,0.3939299027800852,1.0105522697274258,1.51123046875,0.14389975439439473,1.555847898322057,0.896814089267386,1.1338452965116808,0.9867963327980117,1.1525976422460344,1.100335448124073,0.027777777777777776,0.38313958078524957,6.929870888416743,31.088450111526804,698.3139176633621,0.460113525390625,0.09484715459897183,0.4697876530762708,0.83251953125,-0.3785557579622818,2.3411716089661407,0.4374470315385231,0.5254899641283093,0.44113683721413965,0.5224353408960531,1.0084348627595878,0.027777777777777776,0.10662587555419273,0.3726215023683879,2.4959410877216897,40.48199717998504,0.2076568603515625,0.05975113174763172,0.21608232087838924,0.3497314453125,-0.49048818801563554,1.971588369160318,0.1891665647803325,0.2475711184812579,0.20736262983411632,0.2443729814704595,1.0961907040756056,0.027777777777777776,0.06029401777244473,1.7635291388581602,0.6159558128296276,16.066142077578437,0.2185724555121528,0.05617571389682575,0.22567593832845811,0.3094482421875,-0.3453847436449311,1.7606611946781696,0.21060067234416519,0.23822727582225886,0.22734117375385623,0.2468612273213333,1.0794893065789153,0.027777777777777776,0.04384928287668471,1.9840779531802175,0.4557294944207984,14.200715432564419
1,1,7,Cast Iron,1,1.5,0.5,0.24,-0.15789252387152777,2.05558635893313,2.0616414159902985,9.6533203125,-0.8513590359400176,2.2570948936165034,1.775292715933696,2.485733841810386,1.8494753377135882,2.46530665770854,1.041786135387187,13.138888888888888,1.9434560507902041,18587.320912529904,6.368451918126908,19014.459104903537,7.490556098090278,3.2238951364825406,8.154871581433593,8.6328125,-0.7645244470012269,1.2256621195919433,6.961142341519696,9.826758424634814,7.381267350122882,9.776777120060139,1.060352882902186,0.027777777777777776,3.9032534152602385,6.519869257825923,0.015718874272606653,46770.749330933904,1.4947148980034721,0.6781636852760725,1.6413648620403551,2.52197265625,-0.17663838873143156,1.5632831115687145,1.622820353394415,1.8817454410180325,1.3812038324733025,1.8614161035294048,0.8511132052197097,0.027777777777777776,0.6959914395440758,21.186092385783702,77.76095187780571,2069.57959330082,0.4014152018229167,0.0596480700077599,0.40582269097499163,0.640869140625,-0.28938457730627,2.252970720854402,0.38994055611835954,0.4441624838740638,0.3804500231876417,0.43881718682200066,0.9756615905121776,0.027777777777777776,0.06671769643769508,0.37497950762549914,0.9859738301766423,16.01057245565785,0.18704745822482638,0.05612838843794446,0.19528734627980623,0.301513671875,-0.3617939822979346,1.884617714350894,0.1759337463113988,0.2244070842179194,0.18193465945958412,0.22061031618234306,1.0341089374494636,0.027777777777777776,0.05604810034301699,1.4484417611380993,0.49362646510809727,14.177269374330836,0.28588609483506944,0.09399845795717969,0.3009428007418918,0.4779052734375,-0.5118337768928147,1.8760216025128198,0.2802711274055154,0.33613129245459433,0.28313169608994204,0.34083094408127423,1.0102064337161913,0.027777777777777776,0.08754195931229762,2.459828922573889,1.533474924542344,39.76071089199848
1,1,8,Cast Iron,1,1.5,0.5,0.29,-0.17752332899305556,2.25690871596652,2.263879741625518,9.990234375,-0.8925748702524787,2.20428421317861,1.8910952936799867,2.7241144344660744,2.0924659117372144,2.708266894894989,1.1064835911390638,13.36111111111111,1.801444332733505,22484.233723478643,7.534288370049586,22921.532406515536,7.818536783854166,3.1929392016324676,8.445376142351627,8.6181640625,-0.5019331991568685,1.1835017196423943,7.233116941320908,9.9951171875,7.858294107420813,9.9929251451505,1.0864326086764104,0.027777777777777776,3.7464163042553813,1.5639971810462534,0.012688849365342736,45876.87335687215,0.86292724609375,0.35632341994238714,0.9336004561108473,1.43310546875,0.17409730839796778,1.595176826180962,0.8253726806230591,1.051515079541929,0.9098930764261167,1.0711846155178648,1.102402705816789,0.027777777777777776,0.34371093485263693,1.8539974632208889,24.036916997814256,571.348709511757,0.40655978732638887,0.0803958492350247,0.4144325677901043,1.339111328125,44.06067474473042,3.879198066401063,0.38536615835480537,0.44266323663988155,0.4132859090964286,0.4404858322051793,1.0724499288178742,0.027777777777777776,0.057899901296615715,4.013537787626564,1.9352072376250038,29.085717585682865,0.2363339572482639,0.07317486495432335,0.24740311277287455,0.382080078125,-0.45947357745872086,1.8502745044086992,0.2204196313239207,0.28338561459535405,0.23395016605372052,0.28178044061564617,1.0613853432588127,0.027777777777777776,0.07506345278319075,1.2680452119963475,1.0873101756976198,24.09552391138342,0.2691421169704861,0.07583484461539047,0.27962189253560826,0.4248046875,-0.10250789074093491,1.8291651084146303,0.2568994919694245,0.29233858682486125,0.28828113020917684,0.30833092120178596,1.1221553145129897,0.05555555555555555,0.06257807418928085,1.3278289093359015,0.6533783249688138,25.879378302892054
1,1,9,Cast Iron,1,1.5,0.5,0.28,-0.15953721788194444,2.3475056909103276,2.352920545353346,9.99755859375,-0.876192300525378,2.123981025886915,2.0008536042091283,2.832351160681419,2.1408122372939715,2.819665740397492,1.069949461964842,13.5,1.7503509172555596,24380.356514566087,10.110138843653658,24798.52336730427,7.855196940104166,3.153043553338773,8.46438436137402,8.61328125,-0.44633848438048185,1.180843964637435,7.362621682440093,9.9951171875,7.7991565069963995,9.980417012836408,1.0592906770692083,0.027777777777777776,3.6884649654119235,1.315599882387776,0.018887136290035716,44737.57643736733,1.3497276475694444,0.5756549392876701,1.4673593056029726,2.1923828125,0.10770017819819877,1.5307046756874774,1.3572969608784278,1.7271678375474042,1.2783059947254098,1.6895435350515273,0.9418027385091204,0.027777777777777776,0.6168129042020086,20.77556407603052,57.55402123568667,1491.2037728905677,0.39948988172743055,0.06381462477327579,0.4045546587762282,0.9326171875,8.608187120862386,2.960069151712278,0.3761268388059409,0.44316319341841925,0.39131624160222356,0.4370132347378995,1.0403837249277483,0.027777777777777776,0.06510624175655946,1.2606338696428496,1.0735675367293525,18.325430566072463,0.2460666232638889,0.07654204133692952,0.2576964632596203,0.3863525390625,-0.3397921693760084,1.7692622219970617,0.22594752981067118,0.29906612135615557,0.24234184607490228,0.29395414649641116,1.0725580681407247,0.027777777777777776,0.08077654751040127,0.9888972666215252,1.2303802242435058,26.364078943928074,0.3289683702256944,0.10962079091264597,0.34675193785942077,0.572509765625,-0.34457721744462644,1.8834103016311574,0.3122195972645837,0.38914984366722244,0.33435316879836546,0.3954002864337884,1.0708910386397852,0.027777777777777776,0.10475611762976136,1.3792343989043623,2.847424445526719,54.07545877165267
1,1,10,Cast Iron,1,1.5,0.5,0.29,-0.1463259548611111,2.516348176621153,2.520599022266457,10.712890625,-0.9387036808428841,2.0378960336901173,2.2501716354038734,3.037923112554692,2.183577126318584,2.9826485694212033,0.9704046980072538,13.694444444444443,1.5588084992932656,28083.324761032753,9.606863969658797,28494.03666965166,8.068226453993056,3.008872232544372,8.61101563258887,8.6474609375,-0.13637492547911245,1.1607361563336291,8.08588637429505,9.9951171875,7.560743655501187,9.92289120397692,0.9350544028836113,0.027777777777777776,3.391938071340724,1.456648877720149,0.03474278078497779,40739.904511261004,0.78770263671875,0.2896791061441304,0.8392791123518644,1.2451171875,0.49169718958047115,1.5504609993253926,0.7747831974522299,0.9641181266147624,0.7637771403812372,0.9557964090639034,0.9857946621620286,0.027777777777777776,0.29355149313252243,8.12636785713399,17.753978428734275,377.6133539915085,0.3742404513888889,0.04847825833459195,0.3773672706885359,0.234375,-0.8560639021685081,1.3230282987023423,0.3682816072412894,0.4078117368162378,0.35394408604105887,0.4025396888428192,0.9610691359049139,0.027777777777777776,0.05308679312036697,0.28494081110927155,0.6706861290467818,10.575680044293403,0.2702250162760417,0.0820734419879917,0.2824138971459146,0.4351806640625,-0.17566207827528357,1.8067591977825634,0.26374683774465596,0.32807897782387874,0.2491477830388275,0.31770299038016236,0.94464747016242,0.027777777777777776,0.08726331400969592,0.9087666096260354,1.693444550013031,30.312411469221114,0.3106056722005208,0.08833825463344369,0.32292341326515883,0.5291748046875,0.2532178221726449,1.9033120492035058,0.3078796937865811,0.3400760740777266,0.31999523511799877,0.35339141170398797,1.0393515440476437,0.05555555555555555,0.07201283612964955,1.4378465524886233,1.5306453355140566,35.11643549054862
1,1,11,Cast Iron,1,1.5,0.5,0.38,-0.154833984375,2.4613278233705658,2.4661930615455727,10.869140625,-0.9284382024960243,2.106612244194734,2.1399792999086404,2.9621137673064846,2.2119437777535134,2.9304520446089657,1.0336285859624648,13.61111111111111,1.6807548946516744,26835.596223308137,11.417797977577628,27261.619779433146,7.9936322699652775,3.115895078318781,8.579449807914342,8.6181640625,-0.26778076198274103,1.1650067791386503,7.774486702762254,9.9951171875,7.776623041930173,9.967780890160673,1.0002747884522278,0.027777777777777776,3.518453773902741,1.2864416073676725,0.031242828643026806,43689.609650050275,0.7170203993055555,0.2714821474738301,0.7666947302657693,1.2451171875,0.5940659919101625,1.6972459570694116,0.681330547470617,0.8711282823044361,0.7351099435490002,0.8740035834588148,1.0789329001584247,0.027777777777777776,0.2655606062362448,6.229422465986238,16.67457240259844,331.66150540908177,0.35663248697916666,0.043141805319869976,0.3592324402600676,0.919189453125,25.54199249458161,3.296144497397784,0.34561156804391435,0.38532411864605254,0.3452851083227869,0.3809070342150737,0.9990554143688676,0.027777777777777776,0.04287443516754563,0.3611977906113474,0.6692344467821914,8.375497189164165,0.2637926567925347,0.08332879693873721,0.2766410204162089,0.447998046875,-0.294227230182214,1.88417550510329,0.24948365239641399,0.32072725542103414,0.2539344351359223,0.312590410624664,1.0178399774765052,0.027777777777777776,0.08611121809320102,0.9680873090019249,1.860627718982227,31.24712205032508,0.38342597113715277,0.12845934604801135,0.40437269805162596,0.87646484375,0.24842683191687653,2.365196520550936,0.3910618073892356,0.43096226209918903,0.38973584417714086,0.44039282075646874,0.9966093257202818,0.027777777777777776,0.09627206331829312,1.5922678628122084,2.445107638592348,74.25814210300645
1,1,12,Cast Iron,1,1.5,0.5,0.4,-0.15418728298611112,2.6884676026148937,2.6928853983310383,10.8154296875,-0.9411899868409845,1.967351290100735,1.9357060854216446,3.244247868966407,2.7354694334249263,3.236641395154589,1.4131636274879373,13.888888888888888,2.174291368155444,32227.36374671968,29.600427644998355,32525.361227289843,8.018026801215278,3.2074762533075964,8.635777770446541,8.6572265625,-0.01117247571804647,1.1574078737534685,6.728392469278385,9.9951171875,8.863201469509532,9.9951171875,1.3172836617332613,0.027777777777777776,3.5315243787625454,1.8426122654889554,0.08420617452745127,46295.56768112182,1.141506076388889,0.5060020298868478,1.2486289187274042,1.9384765625,0.29963722304758766,1.5857236998547057,1.0754208445156865,1.3837720641548337,1.2672282397788242,1.400773926528024,1.1783556607083598,0.027777777777777776,0.4598032366106037,26.169988404162314,48.23011430528486,1152.1714970707892,0.4461325412326389,0.0603776471859332,0.450199627528057,0.84228515625,2.1143715753588292,2.537936628854259,0.4174070945939305,0.48241622447875876,0.4484250412516201,0.4812049826089359,1.0743110192888912,0.027777777777777776,0.05861975821288272,1.0561959125793834,1.3003733947743212,16.404681886235874,0.26397148980034724,0.0948901877634603,0.2805086365180216,0.5133056640625,-0.29887187063160114,1.9278247225741212,0.20443199307727494,0.3251595711374243,0.29754680134018924,0.32463885769039635,1.4554806068329875,0.027777777777777776,0.10156761577130446,1.328116062431122,1.6396123894416594,40.51889761851894,0.3429695638020833,0.1156476525406599,0.3619426767220971,0.5548095703125,0.0074347311851763465,1.765578162058406,0.3038441283174518,0.3886756661963426,0.38680418287824486,0.4014744331775362,1.2730349110913792,0.027777777777777776,0.09993500547542963,1.102596974407536,2.34289271540448,60.18476385772228
1,1,13,Cast Iron,1,1.5,0.5,0.43,-0.15311686197916666,2.692015337419152,2.696366323466138,11.1572265625,-0.9473919738515613,2.0010292242354355,2.141440959520619,3.223322819370794,2.6144970204568647,3.2261482427276285,1.2209054883503039,13.888888888888888,1.8856049749386212,32218.918334553695,12.091749588335396,32611.259660742024,8.116930338541666,3.104365701390339,8.69031901190669,8.6669921875,0.16145728889126154,1.1501438754786324,7.352874397193372,9.9951171875,8.520434501441866,9.9951171875,1.1587896163021847,0.027777777777777776,3.3710846018704244,1.4192572445924447,0.05339085929316517,43366.88886409335,0.8833414713541666,0.3575537113598098,0.9529621249143736,1.42578125,0.6326944072938363,1.5525194011597645,0.8498423722378662,1.0716524234114921,0.9239802272285628,1.0681688133883223,1.0872371835208352,0.027777777777777776,0.33634980130547587,14.413470802213212,21.416619661770806,575.3010051661066,0.3694211154513889,0.040004486660935944,0.37158083843808926,1.282958984375,95.78609037886031,4.2082920898127485,0.35759677811362583,0.39389510218517015,0.36219904919857093,0.39242684519326,1.0128700015397867,0.027777777777777776,0.03890020546156968,0.3164839048447882,0.6316324242188913,7.201724390188853,0.27716078016493056,0.091962655076843,0.2920192253780825,0.4632568359375,-0.11734447085214228,1.8330242456450105,0.24648900357679995,0.3391501960789352,0.2829240173378396,0.3344263690189721,1.147815980560315,0.027777777777777776,0.09516112314432398,1.2279662343314595,2.110665869577425,38.057114880532026,0.33874484592013887,0.1088773079961234,0.3558122241210121,0.577392578125,0.18013531296693674,1.8560362625439117,0.30419177234530587,0.38976633810586103,0.36790839052513236,0.4025078358353942,1.2094620038161257,0.027777777777777776,0.10118446926753755,1.1676116057434966,2.453244911403036,53.34421737591427
1,1,14,Cast Iron,1,1.5,0.5,0.45,-0.14756673177083332,2.777589131570969,2.781506304890696,11.1474609375,-0.9347935814394468,1.9538227552978926,2.2295279902266536,3.3408685491343584,2.660476320255617,3.3433379780409687,1.1932912849347783,14.0,1.8354203092071268,34340.498957584256,10.293350916110215,34717.5091638777,8.155065104166667,3.0686833364337933,8.713317638678355,8.642578125,0.24678091689839032,1.147108093836927,7.496945610630826,9.9951171875,8.465172871057934,9.9951171875,1.1291495644645122,0.027777777777777776,3.3074533865685782,1.3828365369997724,0.0615383484773312,42375.67842606438,1.0134209526909723,0.3965658136011382,1.0882492691797272,1.72607421875,0.6798945189611385,1.66462178179586,1.028954828264984,1.1807273021134153,1.0488061856438418,1.208185574551777,1.019292739422129,0.027777777777777776,0.34448643177353316,7.351655470574422,32.63384663228924,707.6910040299098,0.37719021267361114,0.04280895556397568,0.3796117269174418,0.73974609375,4.998837999626055,2.6529214107867123,0.360320979528905,0.40459044052302223,0.3725460465344445,0.4037242708186718,1.033928268682892,0.027777777777777776,0.044165435661005885,0.13833011284805635,0.7325847551794498,8.24676945772436,0.29154310438368053,0.09743181065626481,0.30739280967750676,0.5279541015625,-0.15214951294224033,1.9597627960768187,0.2632877351413051,0.35851541891568,0.2926043083212756,0.3528056395896777,1.1113480396807562,0.027777777777777776,0.10322230524596795,1.1736535414633011,2.361109552842809,42.71832587487166,0.36498277452256944,0.12342367467963751,0.38528668439178865,0.5877685546875,-0.09630129083799499,1.744148182471737,0.3352201557959125,0.4366573727070785,0.37722045744838506,0.44153648531332546,1.1252916954016423,0.027777777777777776,0.1249827530758181,1.0226037390517282,2.595196046425934,68.55118412077428
1,1,15,Cast Iron,1,1.5,0.5,0.5,-0.1563400607638889,2.9220876229627093,2.9262669548199995,11.884765625,-0.971242143249869,1.9723027543654217,2.3579496157992623,3.5064892001052583,2.7988786989635406,3.506700460291674,1.186996821395108,14.194444444444443,1.64792276296266,38057.07164973259,8.419459931691087,38423.75448391703,8.296011284722223,2.9645400987069217,8.80978440332564,8.6279296875,0.6407655849855614,1.1345473089814666,7.707955915816917,9.9951171875,8.5744942537274,9.9951171875,1.112421288779341,0.027777777777777776,3.0939289119140367,1.204071796074759,0.07657234084812213,39548.24102965991,0.6999039713541667,0.25374556223324807,0.7444812821491225,1.0400390625,1.111537021517333,1.4888197515192645,0.6902800142822092,0.8267178606388911,0.7090897116687085,0.8274991661251971,1.0272493727144318,0.027777777777777776,0.23117341299324976,1.6793526597901178,12.506722891738338,289.7409041881562,0.3849233669704861,0.05071944284320957,0.3882505123270556,0.99609375,9.418293171114074,3.241579552159929,0.36328615096419853,0.4186783806443158,0.38071901327006813,0.4168775335632384,1.0479865864955242,0.027777777777777776,0.05430731527095548,0.22722093111031266,0.8578993701645109,11.576080024242401,0.30763014051649307,0.09965767259772859,0.3233696879143024,0.4913330078125,0.09797154910707606,1.7515749656476949,0.2799508527853122,0.3754403791888749,0.307206619207123,0.3676490514596064,1.097359111967816,0.027777777777777776,0.10247893407427637,1.0494596316867044,2.7070143523281853,44.692640788025344,0.39576863606770835,0.1299483415950894,0.41655658052443273,0.6878662109375,0.38069300464982536,1.8505865937035295,0.3457551588349727,0.4577517991624389,0.4375783527977333,0.470582414954133,1.265572881897584,0.027777777777777776,0.12311878677711462,1.8939243185395345,2.982436408460068,75.989621012989
1,1,17,Cast Iron,1,1.5,0.5,0.44,-0.14747721354166668,2.8736607486341783,2.877442549687962,11.7919921875,-0.9401599616579812,2.0210411110138904,2.5369670323866345,3.482558256065044,2.504917793054462,3.408256115695456,0.9873671045295286,14.138888888888888,1.85905136489516,36649.5195187028,11.863107347349434,37160.70821206305,8.28,2.896141145742607,8.771888823740488,8.5986328125,0.3546568153680285,1.1394486852647896,8.296776668830367,9.9951171875,7.88030646129223,9.965850800007338,0.9498033725431291,0.027777777777777776,3.0864039296811896,2.2676074666092383,0.059345712674750264,37744.35095147027,1.0126236979166667,0.3997151607843738,1.088659250336533,1.89697265625,0.07851440513415131,1.8142478058579354,1.187064175353549,1.1349096323930608,0.9264964435568835,1.1525176162159498,0.7804939806905896,0.027777777777777776,0.31477488540486687,10.751305429528323,31.47526751176082,718.9749447517925,0.38114583333333335,0.05620706059000166,0.3852679326488635,1.158447265625,18.73420993782698,3.6785732941253673,0.3758294251109057,0.41669548908522686,0.3611249816606675,0.41009108434437347,0.960874688175629,0.027777777777777776,0.053603141103599546,0.45750206751444455,0.8194179729221094,14.216590428683496,0.28216932508680553,0.09092946393642676,0.29645858974182093,0.440673828125,-0.21805028073869082,1.719105373642022,0.2859233423629646,0.34350910379540045,0.2528090666823474,0.3305770911739545,0.8841847769162534,0.027777777777777776,0.09415965898150594,0.9488739498022529,2.036218598901435,37.206763092428446,0.4191400146484375,0.14745205091754557,0.4443202214611472,0.7574462890625,-0.2745376939600894,1.898418794897812,0.42138860664519406,0.5034015034925381,0.40159674559055214,0.5028363480107593,0.9530318078312294,0.027777777777777776,0.1428492450411312,2.087055492315205,6.363150562557618,97.83950205230047
2,1,2,Cast Iron,1,0.75,0.5,0.14,-0.17634440104166665,1.0774265653472348,1.0917624977506248,4.7998046875,-1.016245419696819,1.9454995403085913,0.9624720986355694,1.2824347778997387,1.002419350504239,1.2730581305896733,1.0415048414653267,12.222222222222221,1.1412930072040381,5112.10445004906,3.64179907677451,5223.819862699506,4.044118923611111,1.3797807087389187,4.273019151901565,3.916015625,-0.6463303326016687,1.2329817630598274,3.7217207329224267,5.037558249364766,3.9430799748350336,5.004557543736747,1.0594776604151026,0.027777777777777776,1.6535541436158172,0.7298083281672387,0.002472709241842253,8567.076619068785,0.7327194552951389,0.3478754362622716,0.8111073414306339,1.435546875,-0.5156059379170537,1.8300598751601167,0.8037263110928078,0.9021027467472648,0.7168821445232124,0.9096109772304154,0.8919480855970543,0.027777777777777776,0.31771601742688566,2.9882391894629308,19.320660879458295,544.5781626701356,0.45936143663194445,0.10433457137343682,0.4710611767575871,0.39306640625,-1.1704889076111258,1.3993504878437915,0.4404104292014945,0.5315446541384697,0.43496532189600823,0.5275493305877786,0.9876362889149588,0.027777777777777776,0.11548407324517906,0.5574375188678984,2.1867338697783163,48.98572605318495,0.14212226019965277,0.06495830593668052,0.15626361814069578,0.3448486328125,-0.28964462833067905,2.3005807403538934,0.11282888118746004,0.1889687096646346,0.15752912556391796,0.18654633086949762,1.3961773253976568,0.027777777777777776,0.06907928386186317,0.6845539133906813,0.1974818785720813,18.98813438912233,0.21649210611979167,0.059260961958390874,0.2244564403718837,0.3619384765625,-0.1912963333382276,1.9959242253541414,0.20919396921290165,0.24680531329052618,0.21556229134467778,0.24860137911562305,1.030442187964295,0.027777777777777776,0.051471933368871556,0.7858669954768521,0.4315422011954735,15.80338171083066
2,1,3,Cast Iron,1,0.75,0.5,0.14,-0.17982476128472222,1.0871586156461126,1.1019304879821954,4.931640625,-1.0193092460109234,2.078206463543281,1.08139496421354,1.2933955845074532,0.8946872047728508,1.2529595301486671,0.8273454513666288,12.222222222222221,1.1759704987071546,5208.029597633858,3.409081983604472,5318.6362409591675,4.089541015625,1.3773562145134362,4.3152584928527675,3.9697265625,-0.6419152624255644,1.2322281090013543,4.207105421890033,5.081849483803914,3.5127535315588547,4.932166863070614,0.8349573351030406,0.027777777777777776,1.6427110433646948,0.818942157672436,0.0024527537669588075,8536.995639181136,0.7553133138020833,0.34344895055667185,0.8297321155922336,1.4501953125,-0.44100612254718774,1.8213474449778733,0.8621255437259177,0.9580386033393612,0.6358205189378114,0.922782958372008,0.7375033990872542,0.027777777777777776,0.33921048259039377,3.2322861104315477,19.777237519288576,530.8073178768158,0.45927910698784724,0.09277408920079017,0.4685555780722182,0.399169921875,-1.152728762921105,1.4328859801697198,0.46926249039064666,0.5252615669690537,0.4031451235043707,0.5090873259900729,0.8591036610847902,0.027777777777777776,0.10316775548650278,0.8587595129193626,1.6271117542540532,38.73179521428215,0.15471401638454862,0.03691230644903467,0.15905642154036354,0.2581787109375,0.010224558046611598,2.087506098681724,0.15515757222426943,0.17895225359607572,0.14070911276116374,0.173777859095826,0.9068787990429403,0.027777777777777776,0.03453827244460759,0.47138209587411317,0.1704192253099493,6.131361519296965,0.21594618055555556,0.055404628132165325,0.22294040843910762,0.3509521484375,0.09479158540487287,1.9602176286016912,0.2206127924306462,0.23863335114871667,0.20854591024633948,0.24145163214435625,0.9453028899577518,0.027777777777777776,0.0387983884749657,0.853787523395628,0.4700877405889061,13.813530895859001
2,1,4,Cast Iron,1,0.75,0.5,0.14,-0.17196180555555557,1.15868839653364,1.1713793846707499,5.1123046875,-0.998054123900959,2.0633726520459175,0.9939364900083123,1.3818999330688773,1.1040071636131088,1.3738137624866782,1.110742159797228,12.25,1.2495974652452233,5921.558095860044,3.634125129091822,6041.575956392286,4.342749565972222,1.5356079463651722,4.606252876003638,4.306640625,-0.6817024585321834,1.2296464506990141,3.8644015846117443,5.458460210339906,4.35020794882976,5.430285644078476,1.1257132193901696,0.027777777777777776,1.8540537525725371,0.6115007659162608,0.0050383389323936465,10611.41294376055,1.0291834852430555,0.46919455618301154,1.1310889345444133,1.98486328125,-0.25428939365588255,1.8195788199262828,0.9925109936660211,1.2473503553134455,1.1389141987428009,1.2839091349422285,1.1475078926189146,0.027777777777777776,0.4247285618607992,46.14460480119463,43.63600455312854,990.6469294018217,0.38013251410590276,0.054777882098508215,0.384059037971602,0.440673828125,-0.6842850189217629,1.8434869186761629,0.36052345442276057,0.4143474893657989,0.3752905951530842,0.4154440518197297,1.040960277477557,0.027777777777777776,0.05674988395245778,1.137616458638437,0.5144931055278261,13.50277862151464,0.144810791015625,0.03343585790432581,0.1486207313545768,0.2264404296875,-0.14876685655943156,1.9999983059452655,0.13087874122149631,0.1668034678785863,0.14598535394025625,0.1661077643122523,1.115424495817803,0.027777777777777776,0.03361858184327021,0.2571352345216555,0.1131772377851576,5.030805884136094,0.2074698215060764,0.05868617196886736,0.2156102817959354,0.35888671875,-0.1674482607562573,2.032520982880425,0.20078592560911282,0.22338388017473024,0.22191898297293447,0.2357126377046038,1.1052516868386641,0.05555555555555555,0.04670284651736372,0.30168536436759374,0.6622310823254367,15.498315429356365
2,1,5,Cast Iron,1,0.75,0.5,0.15,-0.17194498697916666,1.2425245440116575,1.2543653060486977,5.6396484375,-0.9817340273116639,2.1020341819766784,1.108398064656692,1.48214797688233,1.1379754250179768,1.4711396617886454,1.0266847816722289,12.277777777777777,1.3294478389993978,6803.683255800888,4.462602588049418,6947.407926464079,4.627128363715277,1.6922220353640205,4.926858259709729,4.78515625,-0.6851591706230007,1.236842969450276,4.3019453930234715,5.839190175238832,4.496545436960285,5.800790574602538,1.0452353589267775,0.027777777777777776,2.0300521793680497,0.6579741327682092,0.008062609779526799,12886.26937955221,0.9865782335069444,0.44409590653877534,1.0819231881396107,1.80908203125,-0.23282098951641528,1.7375381479090926,0.9262073121249211,1.1971522142173519,1.104825753711127,1.252059945296939,1.1928493105678644,0.027777777777777776,0.41179166436931924,76.25548911369799,41.018813411194174,887.4954299171769,0.33560004340277777,0.05373863262381082,0.33987531503217944,1.1279296875,151.30929443700663,4.098038910219553,0.3302319583905175,0.3399946542745035,0.3491363315769272,0.3390014422063898,1.0572457410801357,13.833333333333332,0.011063615941660618,3.2541093905123577,0.763496206881789,12.995283087094625,0.08535630967881945,0.06606211077588507,0.10793471212798891,0.2264404296875,-1.6677205691921266,2.2506190741208973,0.018052547741254393,0.1289541093047713,0.13414413688237867,0.1308499922164212,7.430759292541695,0.027777777777777776,0.08275635991460115,0.10673372882348384,0.09329806197616783,19.638950460155808,0.20311930338541667,0.05064429113780088,0.2093377549144618,0.31005859375,-0.04631517815455588,1.8601723183384469,0.19263121032523006,0.22319738261618463,0.21105220230976812,0.22983999915080372,1.0956282834616304,0.027777777777777776,0.041323447877683515,0.3900132422203071,0.45328646156358476,11.54181675819887
2,1,7,Cast Iron,1,0.75,0.5,0.18,-0.16674045138888888,1.33012796265049,1.3405382408398925,5.7421875,-1.0192872417416745,2.01608326895375,1.208910519219017,1.5754239002600812,1.203205392471818,1.5606203633408726,0.9952807700350853,12.305555555555555,1.4303935733951398,7809.168729139352,4.532955716617108,7961.59555419286,4.985134006076389,1.8026032898579176,5.301031944739233,5.15625,-0.5862291962628667,1.2259921285608661,4.714007316336324,6.258588145140083,4.786546614050371,6.209565242776903,1.0153880324840954,0.027777777777777776,2.147371819958823,0.6401100416897465,0.0100521054522241,14622.203792762757,0.7194590928819444,0.304246564476695,0.7811449022597422,1.24267578125,-0.1790254401728193,1.687727041661761,0.7253579823440646,0.8847097383410526,0.7222925662869585,0.8886728824148651,0.9957739266242029,0.027777777777777776,0.2875465710155882,26.97272072254066,20.191193941131985,416.5469800631207,0.32281087239583334,0.11090208512128859,0.34132994568482933,2.23876953125,175.16059716695264,7.320715127591749,0.31793397827352654,0.32056022771807324,0.38167724759033167,0.31917185029475936,1.2004921577207617,13.805555555555555,0.022611232141185423,15.074359332358412,2.7206565087032017,55.348424986004815,0.16193162706163194,0.0362875143473927,0.16594768916842345,0.1959228515625,-0.5346226917090715,1.6514110737894256,0.15054372491858378,0.18774545352445318,0.15717550123843796,0.18526723066723033,1.0440521604167874,0.027777777777777776,0.038683298446209304,0.21337154126137675,0.23968464990710564,5.925527362525461,0.19299472384982638,0.040295131852121815,0.19715643810144934,0.2471923828125,-0.08628345129482362,1.6995793342547545,0.18614815778478205,0.20410609202248933,0.20075245903149205,0.21290280368512315,1.0784552553219193,0.05555555555555555,0.033561633202350935,0.3352654909455834,0.20965667665714977,7.306647827227911
2,1,8,Cast Iron,1,0.75,0.5,0.22,-0.16713948567708334,1.4386219151987851,1.4482985267418524,6.0791015625,-0.9979143084924336,2.0093621558442085,1.2921545417331093,1.7096660104780574,1.3038729388181973,1.693036032036396,1.009068882015746,12.36111111111111,1.395640498271267,9140.99835075132,4.8980779123581115,9313.366891699365,5.3473122829861115,1.9419804788379316,5.689027758058642,5.6689453125,-0.5419597960519615,1.2299237426972447,5.013313370000798,6.74971346953443,5.1384012717227465,6.679037607801905,1.0249511435830967,0.027777777777777776,2.3334413960556954,0.6854177195736252,0.014614446114866574,16970.79681389597,0.8538145616319445,0.3709523719526386,0.9309161981145446,1.572265625,-0.4533584107155839,1.7702444345556743,0.8361132915249427,1.0325883013164736,0.913504716712399,1.0669953995777979,1.092560931600915,0.027777777777777776,0.32481550525973557,78.93519213324888,26.10926885180072,619.2256244010396,0.3290787760416667,0.1579248775555175,0.36501110639541723,2.239990234375,103.66362813871179,6.845762370222421,0.36605962857225316,0.31448594153099313,0.4084094321693962,0.3136398740907771,1.1156909975632125,13.75,0.03777366503341729,30.117480450588303,5.159987205498645,112.23121602170997,0.17106180826822917,0.03986273719920563,0.17564503996700087,0.2239990234375,-0.46030891686937636,1.7270326940031473,0.15947675347345172,0.19921680087962365,0.1656302253330722,0.19576123701590262,1.0385853845503874,0.027777777777777776,0.041907887518914964,0.3864954499286223,0.28644076697653453,7.150675288670592,0.21616780598958332,0.0506245371060866,0.2220165851992947,0.3350830078125,-0.09507994691181088,1.9078934305505462,0.2040960359813806,0.23794287330699934,0.22271526541699674,0.2437815318742288,1.0912277857141466,0.027777777777777776,0.04290469020633293,0.9154699780044642,0.479884435157342,11.532833077592981
2,1,9,Cast Iron,1,0.75,0.5,0.26,-0.16352349175347222,1.6030901932391528,1.6114087315187269,6.9384765625,-0.9984492508529552,2.0468673026497552,1.420620166844746,1.9238556071479196,1.4389344128360728,1.8948911385607963,1.0128917260354,12.583333333333332,1.1968435894387592,11373.241503744992,5.9847156068860885,11564.541755782233,5.961409505208334,2.200690573080385,6.354639430151261,6.4501953125,-0.5318891255716061,1.2263431836941379,5.552095335421971,7.595473130879285,5.712035728720177,7.494006893027531,1.0288072130674337,0.027777777777777776,2.6813939826459046,0.5337570389708634,0.014597554636740555,21793.67549512121,0.8194854058159722,0.33510930100446923,0.8853556200561855,1.8701171875,-0.06628820043994699,2.2032769088044053,0.8368472404614691,0.970336702652073,0.8424352209597749,0.988249949083971,1.0066774199974948,0.027777777777777776,0.2651222781637491,57.154624361164174,20.29462738302984,505.34215666453053,0.30199503580729165,0.09279172260808466,0.3159292728393859,2.2412109375,248.1057034920959,7.87838888592125,0.2951753154727321,0.29950743279232067,0.35014389491778364,0.2980290318818821,1.1862234968971497,13.61111111111111,0.018271306805423642,9.890873770900193,1.838428207899163,38.746375560760505,0.17760701497395834,0.04179267571251041,0.18245788421214065,0.2667236328125,-0.3283864788664115,1.8732918913090029,0.16731360476220178,0.20569433790660346,0.17195533009521546,0.2024365275007198,1.0277426652758503,0.027777777777777776,0.04260867414105033,0.4000042136742715,0.3897555436033287,7.859868357910051,0.2697915310329861,0.0775897850417849,0.28072699364320686,0.4534912109375,-0.08511524415802674,1.926325207836264,0.2559715769958649,0.3027397169646792,0.28151403237184325,0.31378620220957343,1.0997862953213393,0.027777777777777776,0.06552445784392139,1.185939220693157,1.7747246073616598,27.090792740633095
2,1,10,Cast Iron,1,0.75,0.5,0.31,-0.16091200086805554,1.7032291497901368,1.7108133179041465,7.55615234375,-0.9388807106483799,2.042100273120356,0.993608362472655,2.02052731671268,1.926358847825827,2.008804432796709,1.9387506391672926,12.694444444444443,1.2785295003594666,12842.545603210661,15.424232796392557,13054.452951625979,6.2446489800347225,2.6755607571049977,6.793693122949326,7.1240234375,-0.6205515698215431,1.2484292650560547,3.857551101515853,8.024146794827953,7.693839513576626,7.983782858493523,1.9944880342747178,0.027777777777777776,3.195092908671479,3.9382296450157925,0.1861014489850349,32213.814215469367,0.7520345052083334,0.37013597532982084,0.8381864573335103,1.6796875,-0.6023748015379344,2.1088125554105552,0.5939958933239828,0.9257398003206793,0.9475464698833371,0.9461844718144337,1.595207105862123,0.027777777777777776,0.3224651232926587,39.47803119439693,16.904557669967552,616.503083548281,0.33510606553819444,0.041854460608899934,0.3377097437643022,1.761474609375,398.64433157421774,6.014780554918399,0.31911692599422525,0.35652974004139026,0.33644397023883,0.35306825730499647,1.0542968511952835,0.027777777777777776,0.029382130959370683,1.723649983228952,0.41036373314412566,7.883097894986471,0.19243855794270834,0.0563520623079786,0.2005197085311851,0.2850341796875,-0.63885185313752,1.7776073739133984,0.14490876811172335,0.22769200665372313,0.2185915358805961,0.22807864296223146,1.5084769453844504,0.027777777777777776,0.06035134361637556,0.42095377273999324,0.5440834726908205,14.290006738487218,0.28283528645833333,0.10205021038960461,0.3006826312019536,0.482177734375,-0.5535154612067941,1.863435650191156,0.21041981608957822,0.32611963973112507,0.34727455377274535,0.3353352986537121,1.6503890186127073,0.027777777777777776,0.09626041401059178,1.2673429331256325,2.5121004404926053,46.8641669979526
2,1,11,Cast Iron,1,0.75,0.5,0.38,-0.16134223090277777,1.8906052415478354,1.8974771394777945,8.1787109375,-1.0247624304799565,2.0560812598636615,1.6146869425190955,2.2441176862349423,1.7770707280545608,2.2287940544293012,1.100566729846795,12.916666666666666,1.4708145553363283,15836.240867784403,6.464434243315996,16084.747853974497,7.0578271484375,2.610087495666785,7.5249904180841005,7.8076171875,-0.16113433876844718,1.2166491821036733,6.352715007701873,8.905407892313669,7.086124799861303,8.853936971908851,1.1154482439823388,0.027777777777777776,3.1043165175331855,2.3625371109397286,0.057559067157385936,30656.50530796052,0.5336482747395833,0.2048881352948095,0.5716289260675302,1.1767578125,0.11140009345337631,2.199546176572359,0.5623533622907323,0.6171445871878483,0.5321373335675695,0.6200958113703131,0.9462686084065035,0.027777777777777776,0.14956815284030414,16.053118136853683,7.19255407607557,188.90617852211,0.3351628960503472,0.03752664011232151,0.33725719504107776,1.170654296875,115.85395896402558,4.249295462993602,0.3339465478664598,0.35078354334205464,0.3265851431241076,0.34842317791229904,0.977956338254181,0.027777777777777776,0.024383305083883686,1.508729417647632,0.37191745656014413,6.337119384606679,0.2064763726128472,0.054392538581268024,0.21352058612853717,0.2880859375,-0.2186641601641095,1.7093913097226123,0.1929579581847924,0.24299879675372352,0.2012260749789168,0.2391507010968232,1.0428493173948608,0.027777777777777776,0.05545371502141101,0.47384678617980336,0.7100684730304423,13.313518544286488,0.3233123101128472,0.10531528602945153,0.3400325857060924,0.5450439453125,-0.15603431827563652,1.8434440728257209,0.31570968679952993,0.37884601969669546,0.32197758469624405,0.379779101534639,1.0198533594589834,0.027777777777777776,0.09420932522938198,1.3886142872791836,3.1491578916994185,49.91089353428947
2,1,12,Cast Iron,1,0.75,0.5,0.43,-0.16300889756944445,1.9105617016501817,1.917503042109515,8.31787109375,-1.0128116146012867,2.032061639241696,1.6616381230034232,2.278311280168467,1.7546253754965793,2.254326204153093,1.055961193478807,12.972222222222221,1.1055087457104653,16160.174540916052,5.761268252427632,16426.107153940196,7.135653211805556,2.59045593800727,7.591311396979317,8.095703125,-0.2811750877432151,1.2452558597137147,6.541341839964558,9.013543494382445,6.989342371448775,8.941177159112279,1.068487558431382,0.027777777777777776,3.1206861752341695,2.679445309497079,0.05270352446855543,30197.078858057663,0.7833219401041667,0.28317786781137355,0.8329363521102626,1.6015625,0.6906378916691573,2.01658565596816,0.7760073293646202,0.8806026369354848,0.8388685955469514,0.9069793285455746,1.0810060212109087,0.05555555555555555,0.18167553354124194,37.08418808005552,16.301974084046446,360.853675544262,0.31990397135416665,0.053821970811293085,0.32439999295650296,1.905517578125,385.29661412306535,6.652907434832718,0.31398232007467525,0.3300676144764257,0.3289020201289486,0.32833187166887495,1.0475176438301526,13.527777777777777,0.01603714967566338,2.8751949213337795,0.7889887824174067,13.03680329322815,0.22443488226996527,0.05724534322479154,0.23162047772262573,0.379638671875,0.14814669385998158,1.9789874709887276,0.21173859787092653,0.26270368295638025,0.21701999501009075,0.25675312215542007,1.0249430061040818,0.027777777777777776,0.0560940742916335,0.6339913277444533,0.7701664043587655,14.746656128764156,0.3481432427300347,0.10798203698627827,0.3645049214623718,0.587158203125,0.17586035836393998,1.851960805952207,0.31166928304353475,0.4067217377362283,0.3688240764522041,0.4102855792732793,1.1833828244173996,0.027777777777777776,0.09779146435095806,1.5697542872408061,5.858403871998928,52.4717516379224
2,1,13,Cast Iron,1,0.75,0.5,0.48,-0.1576150173611111,2.1350124182044787,2.1408223932837305,9.111328125,-1.055664935501016,2.027641492408799,1.8433497172185715,2.5180387688619796,2.00272417903552,2.498737923820515,1.0864591565714554,13.222222222222221,1.2421031655833092,20222.80350920141,6.888697070255757,20512.486085633438,7.936211480034722,2.8116264918927025,8.41954251641666,8.6474609375,0.21191730020834676,1.187133050045325,7.236604938712378,9.885115470893568,7.910886779960107,9.825721679031332,1.0931765443821098,0.027777777777777776,3.296257344565224,2.083376673538998,0.11726562268509452,35573.595930926014,0.5074161783854166,0.18409201432154204,0.5397787026404652,1.16943359375,0.4589255088333464,2.311240861573917,0.5420189726571634,0.5702084032624768,0.505134589590934,0.5738849328722175,0.9319500148022322,0.05555555555555555,0.11749214958736676,13.145084872473763,6.031290377517015,152.50441760751931,0.28387532552083333,0.01774959476885937,0.2844296900009171,1.0595703125,1304.6060137499824,4.605055306008232,0.28571318841905147,0.28570938982487054,0.28184900956251946,0.2850428933357603,0.9864753220601618,6.083333333333333,0.005884543260470735,0.1223548378525269,0.0795089860638428,1.4177165895700454,0.24197530110677085,0.06675395117828192,0.25101421542140767,0.380859375,0.08178842833806321,1.8139301985769847,0.22955124521253234,0.2860829946832118,0.23342483802144065,0.2808430822153749,1.0168746320906337,0.027777777777777776,0.06718962988557925,0.7699438348988094,1.073364809819988,20.052438740266698,0.3918490939670139,0.12978398439532302,0.41278274557967554,0.6793212890625,0.08114365503696153,1.8468046683781623,0.3734774049150201,0.46787555100333544,0.39086555480900687,0.4614188682401609,1.0465574347073106,0.027777777777777776,0.11665850902237786,3.030969402908987,5.839283365391639,75.79747376541297
2,1,14,Cast Iron,1,0.75,0.5,0.55,-0.15812445746527778,2.149627801041138,2.1554356930926164,9.4580078125,-0.9706602390696806,2.102243186619299,1.3371817299258555,2.515457642558338,2.412908400835035,2.527104250896541,1.8044730546601373,13.277777777777777,1.2710478275988537,20507.31465270717,6.328547273810811,20794.048676644426,7.712771267361111,3.2743408504888256,8.379030291615553,8.6669921875,-0.2874267871796814,1.192872783560835,5.188419583787554,9.874749287911433,9.284076400315513,9.827624025418624,1.7893842721058661,0.027777777777777776,3.822156908304182,4.1942379569100545,0.3761749627836074,48245.88627050188,0.4362356228298611,0.19490170068825388,0.4777951355517661,0.9326171875,-0.2984410268292508,2.074552174658146,0.37449987227807374,0.5304554064443722,0.5130608951269177,0.5345493511847199,1.3699895062873602,0.027777777777777776,0.15772795792690056,11.98417779154529,4.84939755279993,170.94017374780452,0.2766118706597222,0.015349649177012559,0.2770374319829872,0.877685546875,1084.8729133246266,4.062585597888144,0.27718105110829316,0.2774258917293315,0.27650453100061806,0.27722244618694947,0.9975592844281018,6.055555555555555,0.005704720771771164,0.08318592537614972,0.060309331903108096,1.0602536122004191,0.24990688747829862,0.08421288857118948,0.263714358749376,0.40283203125,-0.34145172172369476,1.8191513363173486,0.1961951260350948,0.3014761189126633,0.2815233760759747,0.30094250951144774,1.4349152385447976,0.027777777777777776,0.08698847167321928,1.2440220339844252,1.2352029123388237,31.91316369738844,0.35015489366319447,0.13114163748862448,0.37390717917617045,0.8917236328125,-0.19809992749230743,2.618307325382302,0.2719476143832896,0.43800297021067414,0.3919408488998146,0.427178217787731,1.4412365770835687,0.027777777777777776,0.12633455338065103,2.337519612586738,4.993767968569207,77.39170469716194
3,1,1,Cast Iron,1,0.75,0.25,0.0,-0.1841259765625,0.8639869776060685,0.8833888570261476,3.74755859375,-1.1965841100365877,1.862721947885397,0.7713071106014382,0.9264516535773295,0.9422846135183268,0.9273095527134668,1.2216724059286403,12.083333333333332,0.9403957803037825,3139.8301685358433,2.4306719751472734,3359.1321329474445,3.3854106987847223,0.517663859676958,3.4247600603636026,2.5830078125,5.920033096639649,1.130610683450013,2.953532259138779,3.5999244291267964,3.674797370194418,3.608866369566581,1.2442042435202496,0.027777777777777776,0.4332918015507688,5.709404777756022,0.10878973962170588,1205.8914857970342,1.1785240342881944,0.5985827247657463,1.3218245639202302,2.62939453125,-1.3257974756387942,2.055707868063181,1.2658071975487704,1.3511275236466347,1.3467914043484834,1.3450626504586993,1.063978311196633,13.722222222222221,0.7568002245480373,1356.2316067458232,23.995363661049346,1612.3557908005187,0.283421630859375,0.0125307065653538,0.28369850095834986,0.107421875,0.7785079418507705,1.2564229676783882,0.2801736962112418,0.28542365943853604,0.2854655021575985,0.285319017960468,1.018887590155383,13.722222222222221,0.008876835157580943,0.21888152663524996,0.025392178264574232,0.7066755235195159,0.13543592664930557,0.020775706113759815,0.1370201452045698,0.15869140625,0.9515138002613002,1.7684229567173066,0.12925446276658437,0.13978023089887293,0.14169802920444452,0.14006467236558126,1.0962718514433927,13.722222222222221,0.020261578598514643,1.0886925473877096,0.038368919957677675,1.942334841108984,0.18696512858072917,0.04680967554554328,0.19273584261856336,0.352783203125,1.1079420087963463,2.321248031679863,0.19943071539301088,0.18411413261937537,0.19434683176555728,0.187827659453718,0.9745080209062331,13.722222222222221,0.05327194532311313,7.279082122657086,0.17813740212258497,9.860160236060619
3,1,2,Cast Iron,1,0.75,0.25,0.13,-0.17283040364583332,0.8559848918440002,0.873258543324694,3.95751953125,-1.0602744692629085,1.9933645877916897,0.6712385993098281,0.9484526861861405,0.9683066122523245,0.9493461856148414,1.442566940053721,12.11111111111111,0.7441932293685981,3083.2832436459644,2.7962661139742835,3297.195626866817,3.288376736111111,0.8045656167935906,3.385372563001481,2.67578125,1.1993146409827098,1.176938409540202,2.5423765712799264,3.7063138534937883,3.765873226779759,3.6988511363876886,1.4812413193706702,0.027777777777777776,0.7975433985591146,5.756893648279626,0.12448030035068286,2912.966296815872,0.8593155924479167,0.4987830582695816,0.9935833264708456,1.85546875,-1.2070548573485518,1.9583669828290895,0.7768631668396739,1.0991741739835645,1.0723447370962351,1.0905539956793953,1.3803521429115992,13.722222222222221,0.4848787954972675,684.6861098821704,38.968111758004355,1119.530427087678,0.290269775390625,0.014258048875727635,0.2906197420394329,0.123291015625,1.228545900632839,1.293706201311628,0.28463480490676646,0.29326204326796723,0.2938705585852103,0.29312614892112204,1.0324477313358393,13.722222222222221,0.008664518490497602,0.24882317368465523,0.0293580269551509,0.9148206286960178,0.13725138346354165,0.023748027370329942,0.1392907429323216,0.172119140625,0.6794385743587656,1.835996415151273,0.12587546646473055,0.1453348698027168,0.14573563655341185,0.14491036027471896,1.1577763375696881,13.722222222222221,0.02019354742000995,1.2814065389861373,0.05429699354811763,2.537886608971489,0.16852450900607638,0.031633816810242105,0.17146780602119768,0.1959228515625,-0.3682208167185106,1.6801167763491731,0.15959657673149674,0.17553034394888184,0.17866632742054098,0.17678756779552962,1.1194872163274965,13.722222222222221,0.027852426144710455,2.409195649802024,0.14699567054399398,4.503152414825228
3,1,3,Cast Iron,1,0.75,0.25,0.13,-0.1774875217013889,0.9239479336692294,0.9408409028583631,4.36279296875,-1.0214584781838583,2.1096694193670777,0.6843802862674461,1.0355710293833011,1.055822466300333,1.0318467956468445,1.5427423721666533,12.138888888888888,0.963485813946794,3605.7243620939557,3.0553077905467383,3841.55907793045,3.5270301649305558,0.9517259892386221,3.653180004177497,3.076171875,0.7674047638729617,1.1935769815650572,2.59946814195673,4.032100803578779,4.125784885024699,4.019982039046138,1.587165012116304,0.027777777777777776,0.9760294314480952,6.635396653108522,0.1567093414458942,4076.020661481222,0.7512087673611111,0.3849717255809871,0.8441077192260492,1.47216796875,-1.2552258647662011,1.8510670669291294,0.6814159033812536,0.9290288413826443,0.9000729434158878,0.9268847723643132,1.3208863176653733,13.722222222222221,0.2673603498155236,339.51414572730323,23.173502563873665,666.9146046439809,0.2855999077690972,0.012616314231000441,0.2858784334336751,0.1123046875,1.3218923961313633,1.255382277142858,0.2833546691228911,0.28797549183446935,0.2862860172911505,0.2875661690902193,1.0103451556924516,101.47222222222221,0.004597387093787877,0.11976916899397566,0.0312714998148432,0.7162718580828771,0.14192179361979165,0.02385685004351742,0.14391297647626364,0.1617431640625,-0.173513972528347,1.7134106825361237,0.1278956482036129,0.15122186144839989,0.15135219253592425,0.15072366820664615,1.1834037722297475,13.722222222222221,0.014305159320976637,1.0650813760309787,0.06447401707851783,2.56117188334465,0.1753927273220486,0.03207373952296735,0.17830124386681562,0.20751953125,-0.6828041444270263,1.7218434895878947,0.1634765489032091,0.1900518839719993,0.18035991808257001,0.1879771618217388,1.1032770100215243,13.694444444444443,0.021656293672457437,2.1813508597344433,0.101793816573982,4.629283025860786
3,1,5,Cast Iron,1,0.75,0.25,0.17,-0.15924913194444446,1.0022419402550427,1.0148148564301034,4.41650390625,-1.1380419928331762,1.963104390300394,0.7983113987450493,1.0998757554098018,1.1146837272469687,1.0991374730669554,1.3963019054960994,12.138888888888888,1.0208727622738192,4296.168068597166,8.279764252755733,4520.200103012721,3.878587239583333,0.9076762467699586,3.983379864387661,3.232421875,2.168320210252647,1.1559259584216979,3.0876763266433893,4.334634526226777,4.390802188433901,4.3283219148756755,1.4220409537573322,0.027777777777777776,0.860831412496573,6.32863822960889,0.19136700583353744,3707.4428315692467,0.7984168836805555,0.35023965600395557,0.8718585531976726,1.533203125,-0.7066922097263921,1.9265596395648046,0.7643246669630105,0.9443511414643576,0.8968950526336205,0.9313665445097791,1.1734477394238354,13.666666666666666,0.27041743351413094,272.79723683640174,15.193356751858149,552.0053371270499,0.3224526638454861,0.01581627911592018,0.32284032447345046,0.1171875,0.24290318066160044,1.1683709779446083,0.3184510611908698,0.3304448034149084,0.3194883078312252,0.32955168914353344,1.0032571618272415,0.027777777777777776,0.012752175043088334,0.10725703726628899,0.019282488831283737,1.125696281592051,0.15619486490885418,0.027521737572557745,0.15860101469696825,0.208740234375,0.8070273848483334,1.8741444467138202,0.14271293259144938,0.16585814580223793,0.1660931664184768,0.16477947654399172,1.1638270155512749,13.666666666666666,0.015260800168111713,1.0014059078997244,0.1756935566413746,3.4085120840205088,0.1949051242404514,0.03710475561671588,0.19840557034660594,0.233154296875,-0.2373798535664502,1.676573903552151,0.1828275730027028,0.2071358740253753,0.20436026833846943,0.20618544583397322,1.1177759731867594,13.666666666666666,0.023570150147398397,2.34883867594414,0.29642065949477675,6.195486448705196
3,1,6,Cast Iron,1,0.75,0.25,0.19,-0.1629098849826389,1.0845324154382374,1.0966996812078291,4.5556640625,-1.1974885775278619,1.847695610951851,0.9224631550778579,1.1630403712069806,1.1851790559871513,1.1661541543072784,1.2847982593810152,12.166666666666666,1.0745769965463292,5020.132423622549,3.7406695029019676,5292.947637057306,4.225169813368056,0.8184608693691918,4.30371213564351,3.5693359375,4.905433262014796,1.1379620158465154,3.587666974186024,4.577765828040389,4.662458594498857,4.586504601112286,1.2995795395855225,0.027777777777777776,0.686761357740731,8.018399367477867,0.2339925567547797,3014.4520283169218,0.9952956814236111,0.35589392184644725,1.0570118150085814,1.72119140625,-0.5429687387892623,1.7577004626338224,0.9629355295683993,1.0743495302064334,1.1270981252948868,1.0904603686313283,1.1704813984795714,13.694444444444443,0.23415490746942816,228.1058978960377,41.69353864748072,569.9721776750353,0.3200185818142361,0.015627102363692674,0.320399904860598,0.1220703125,0.1526665698834493,1.2229894490620625,0.3177961949767348,0.326882272880125,0.3164203774080826,0.3255060556744979,0.9956707550612652,0.027777777777777776,0.009786832334809759,0.1723321750049266,0.028936231301287557,1.098971273501714,0.15589029947916666,0.02360904589359887,0.15766791848600759,0.1959228515625,0.2802710002063087,1.7807155789585472,0.14612700717886495,0.16097685192365702,0.16526000265287405,0.16193637809158667,1.1309340131122345,13.694444444444443,0.012100890692963065,0.730514262851851,0.07342202493363355,2.5082500874996185,0.22177666558159723,0.046583671189471945,0.22661625673808233,0.3851318359375,0.01534040082923882,2.1492745219860065,0.22146404297499964,0.22543013946394472,0.23280831888997286,0.22749307847235814,1.0512240080266837,13.694444444444443,0.030792002871251358,4.16130987242074,0.3407694101098614,9.76519277319312
3,1,7,Cast Iron,1,0.75,0.25,0.2,-0.16742485894097223,1.052524535303474,1.065757468098253,4.47998046875,-1.1471757146804384,1.9379922255535034,0.8141202043423024,1.161654579221942,1.1812213483830776,1.1602722664825136,1.4509176189004456,12.194444444444445,0.963678550223891,4792.240975558642,3.47965673674347,4985.135661991437,4.040774197048611,1.0469612339078203,4.174204587324349,3.5546875,1.6887491172252869,1.1720983058322318,3.142031048370602,4.560818237683038,4.647421834136839,4.558202594623344,1.4791139115404046,0.027777777777777776,1.0045539305547286,5.224835625437804,0.20999784236175145,4932.575373363495,0.6992073567708333,0.30255803858475205,0.7618610729488071,1.43310546875,-0.25389994147571837,2.1085803823552807,0.6394914087802609,0.8444546135717442,0.7869205977338224,0.8325622433084344,1.230541312876684,13.694444444444443,0.17877963052731632,111.82100406564798,16.385147686345,411.93616536988156,0.30771348741319443,0.01627645867837817,0.3081436571521457,0.1416015625,0.2446631549276863,1.243902875666675,0.3028049304739113,0.31448210667594956,0.3070304854418268,0.31351419145763504,1.0139547099226627,0.027777777777777776,0.009901688135707801,0.18259862685741635,0.022497237587459584,1.1921542800135083,0.16277560763888888,0.028262719064539723,0.16521101576810973,0.2099609375,0.24637605897030568,1.8139384701086438,0.14688681316552765,0.1727390494246832,0.17455521795501852,0.17308637026227133,1.1883654781066777,0.027777777777777776,0.016938653947639964,0.7640406431579088,0.09458415141438792,3.594552629937728,0.20615098741319443,0.035531101264353604,0.20919055611688783,0.24169921875,-0.06804219565636993,1.6630788553887028,0.1945791763801692,0.21900666908765187,0.21320668216504185,0.21831514135690933,1.0957322676116081,0.027777777777777776,0.01970337952625331,1.2896177607527854,0.13279515271684464,5.681073168913524
3,1,8,Cast Iron,1,0.75,0.25,0.23,-0.16893500434027778,1.2147093771936435,1.2264003859807036,5.22216796875,-1.1349719058871046,1.9708018809593146,0.9699423312712057,1.328677846248004,1.3438752825685873,1.3256761755410829,1.385520808033304,12.25,1.1767381863524464,6323.895816187044,4.006133293486533,6639.83535761833,4.678594835069444,1.1314834416056214,4.813471139351122,4.1650390625,2.880599080958027,1.1401919926624606,3.7538548365792592,5.226150997519436,5.301361414308183,5.2202006698271814,1.412244651191442,0.027777777777777776,1.0349761856321,10.856146160717717,0.34460888781636645,5761.146757931179,0.6264409722222222,0.19079989753176083,0.6548533366921584,1.09619140625,-0.01811596427019202,1.9311933934521612,0.6210631660912633,0.6804857762130413,0.6616028490166822,0.6790086385868433,1.0652746534310837,13.666666666666666,0.1236195209583366,40.57554843615955,11.56701477196496,163.82111350695288,0.28142510308159724,0.014846028678522178,0.28181641757003995,0.76904296875,691.3014419848181,3.5865269887933335,0.2863699987791517,0.27945559688872273,0.27956801105067397,0.279293511643866,0.9762475547107733,6.166666666666666,0.006327636673802626,0.10853781449634596,0.04193869262056611,0.9918341325389013,0.1626056586371528,0.02582983971765084,0.16464440725594595,0.1849365234375,-0.08886813460703147,1.638533583504139,0.14877490045595115,0.17125432370115548,0.1728043058779701,0.17117327579428288,1.1615151840019782,13.666666666666666,0.016560865432003424,0.8237498294518055,0.1422737332124704,3.002392782767614,0.21421298556857638,0.03704599407392707,0.21739275255428492,0.2471923828125,-0.02135311187342337,1.611561529805445,0.20830342982176622,0.22935918809353117,0.21396932151818018,0.22600801342998064,1.0272001843717213,13.666666666666666,0.028780024340642488,2.2122936020909933,0.2909364876507893,6.175825702812937
3,1,9,Cast Iron,1,0.75,0.25,0.23,-0.16246012369791665,1.1918970652353509,1.2029180794670038,5.99365234375,-0.8595254164767248,2.3360348819390078,0.6159992529500213,1.358892205981499,1.4543014166992705,1.3577161994032287,2.3608817863570755,12.277777777777777,1.1148997315422662,6193.200350572637,4.098980386867491,6392.784159117274,4.383597547743055,1.7692111809244013,4.7271593651247725,4.5947265625,-0.9525403149149372,1.2622373002739897,2.3150440587299586,5.352133449717258,5.747464269781701,5.3494081994314655,2.482658698484892,0.027777777777777776,2.0824429703936693,7.237298088442265,0.3857220441283008,14085.487165133158,0.6637386067708333,0.30980644924071365,0.7324813814079002,1.09619140625,-1.1047315631628356,1.706528017950953,0.43437985021870124,0.8392991788850801,0.8464502090344631,0.8313913196527195,1.9486405932694462,0.027777777777777776,0.28727931252183814,19.66684199300998,16.921908139598592,431.91016657087533,0.27443996853298613,0.02504219014004775,0.2755801292099935,1.16943359375,967.2982688815663,5.071864514077289,0.27802289363621263,0.27471832747591995,0.27398236076282456,0.27465664170563114,0.9854669059064071,6.138888888888888,0.004984436110796046,0.5839357585238466,0.1276376164861064,2.822008391883638,0.16417683919270834,0.032653479367316655,0.16739260509980775,0.1776123046875,-0.6832782679755569,1.6006939839292085,0.1304098431248905,0.17884886027999347,0.187262411388376,0.1796720294926848,1.4359530454234124,0.027777777777777776,0.0316098937780501,0.33185567239798,0.2019506682827006,4.798192571848631,0.2185155571831597,0.050153477015367445,0.2241972791712641,0.2532958984375,-0.7292731717171952,1.6034854287320788,0.16910847629257916,0.25260302856359346,0.2416346274230906,0.24840672155377003,1.428873541531011,0.027777777777777776,0.051019062239717174,0.3476043488971855,0.2738612368686437,11.319221864144009
3,1,10,Cast Iron,1,0.75,0.25,0.26,-0.16125542534722223,1.4240727649325449,1.433173594519009,6.3525390625,-1.1396245373462293,2.088486749928255,1.074751420630242,1.5563163001454767,1.607715339801913,1.5600562341042405,1.4958950590259628,12.36111111111111,1.3735681004407025,8803.475726905815,4.822423950989554,9125.92782331705,5.438609483506944,1.4663842795733075,5.632828416477055,5.21484375,2.242995897428166,1.1650452516542995,4.179269213320025,6.125967355489438,6.339755571825097,6.137316892576742,1.5169531437743333,0.027777777777777776,1.3706119275402155,15.20856075470445,0.5262322470827034,9676.27315565745,0.5594273546006945,0.154230913189577,0.5802983195381681,0.79833984375,0.9171004831013434,1.6155483626871636,0.5008606873985323,0.6243965494092104,0.6078700024520102,0.619859173301323,1.2136508569065056,0.027777777777777776,0.09785541791231513,7.143263220485128,7.658988844427034,107.04230994383494,0.2911749945746528,0.036458945489971736,0.29344868745964736,1.768798828125,1124.7637221942862,6.817997514983345,0.30102934080627486,0.29643417556639046,0.28256771231933675,0.29521140482392044,0.938671664238806,0.05555555555555555,0.009347380058855291,1.2073909918429089,0.2649610018718854,5.981646863619487,0.1899123806423611,0.03723358250789822,0.19352791009986522,0.3509521484375,0.9457290311170565,1.8985976773861513,0.1654481077391455,0.20045181961104336,0.21167226465227415,0.20127746829208704,1.279387643320818,0.027777777777777776,0.02215792660589488,0.8840800187511347,0.3528212480694314,6.2386424038973125,0.2584804958767361,0.04920661872731222,0.26312251533317793,0.3375244140625,1.0999143787349048,1.6794250035594736,0.24881694584940348,0.27911356221006495,0.2605496518407933,0.27550407886341516,1.0471539667498815,0.027777777777777776,0.031658428679932446,1.9761106544635703,0.4868138812058148,10.895833354443312
3,1,11,Cast Iron,1,0.75,0.25,0.28,-0.16254421657986112,1.47170051911263,1.4806495332454421,6.376953125,-1.1155589941139343,2.0182232073851893,1.0661751893882456,1.618765429444096,1.679237347985521,1.6169309539756784,1.5750107155926603,12.388888888888888,1.3233123038363246,9445.856009683064,5.070440932439199,9746.614905635515,5.589153645833333,1.6099623343337872,5.816409304261998,5.5419921875,1.6762137207179038,1.1878771465476596,4.142859887195017,6.362507750675699,6.621711158135695,6.367799297872646,1.5983430138688617,0.027777777777777776,1.5460186843857102,15.124083780554615,0.585574483443779,11663.904605759515,0.7331949869791666,0.22887246219231067,0.7680869045110397,1.064453125,2.089778108006324,1.5098134884726864,0.6487467445874965,0.7962128537335005,0.8456034718357857,0.8056401533798447,1.3034415646639737,0.027777777777777776,0.13034545830585892,5.345999278413866,14.880854320864572,235.72171779606072,0.27013712565104164,0.027508564946418644,0.2715341374494522,1.123046875,679.7603892530852,4.990092521984416,0.2800349897068168,0.266680444731512,0.26768322386537413,0.2668799191497276,0.9558920624370034,6.138888888888888,0.009611919688232363,0.6387156503447621,0.16851478732625944,3.405246531963348,0.1923516845703125,0.03615147975677161,0.19571944217588927,0.238037109375,0.28611808475542766,1.680872827605203,0.16553321122804518,0.20152454634961114,0.2165754218189095,0.20390170483255307,1.3083502712971993,0.027777777777777776,0.024841989482639045,0.6600190633524274,0.3541008523799101,5.8819141599867075,0.29396898057725696,0.06721920313589413,0.3015562680692548,0.411376953125,0.6969045981681665,1.7143327072835848,0.24961355585925973,0.3132399445381419,0.3352347808814098,0.31622338567951713,1.3430151248293025,0.027777777777777776,0.04352896821434712,2.179337101552999,1.7598788699327659,20.333716360396807
3,1,12,Cast Iron,1,0.75,0.25,0.33,-0.15549370659722223,1.5930381461569376,1.6006088928599878,6.77734375,-1.1386011628434547,1.9981409585856675,1.1279966445139087,1.7306758822667558,1.848845868160182,1.7442937232271936,1.6390526311866036,12.472222222222221,0.9907332328606749,11155.306291679777,5.976631948809512,11419.998912537098,6.036658528645833,1.8321844106579435,6.308577169705581,6.3330078125,1.4244842599578327,1.2182694557350848,4.392939184628576,6.844275857588625,7.297424958420315,6.885745362262267,1.6611714052302125,0.027777777777777776,1.7389866221312895,11.997272438055603,0.7653049561103371,15106.04925005171,0.5372319878472223,0.1564259731327494,0.5595420393829275,0.72998046875,2.345690444352294,1.4747691047665328,0.4602353497034407,0.6106209203817431,0.5954724141267345,0.6052625479738755,1.2938432793361825,0.027777777777777776,0.11844579460628425,0.7984804268161738,7.160051054797271,110.11088612874349,0.2627998860677083,0.01912944991241272,0.2634951915522406,0.9033203125,800.0130156766272,4.317708060621062,0.2646117378492028,0.26104517274213535,0.264811619635373,0.26149182972626117,1.000755377625327,6.138888888888888,0.008108067415687373,0.2774904961871639,0.09822705222659855,1.646713083320194,0.21312981499565972,0.04445528593506305,0.21771676666635567,0.30517578125,0.39909621051053357,1.813812812784733,0.17755300748955138,0.2279771249869914,0.24228729120000922,0.23008439277310946,1.3645913106499608,0.027777777777777776,0.03419460403365055,0.5797653989534128,0.5814595763285673,8.893253623114694,0.2792169867621528,0.05667301049150076,0.2849104347241532,0.3814697265625,1.3405842246214101,1.7202329046390339,0.2620128464268718,0.3005013447441589,0.290809349159133,0.29860062771915324,1.1099049268956298,0.027777777777777776,0.035052310009342266,1.124089534179591,0.6376606043143507,14.453251124670109
3,1,14,Cast Iron,1,0.75,0.25,0.36,-0.15952446831597222,1.5709616359729288,1.579040378739643,6.48681640625,-1.1604077996957243,1.9465812971821452,1.1525163070879354,1.721572450849223,1.785497132857987,1.724938666939535,1.549216372798581,12.416666666666666,1.3180024748336567,10851.596515872507,6.527065589143714,11105.654226146808,5.939159071180556,1.8156658344995493,6.2104953824437565,6.0107421875,1.714989037108035,1.1809016710216382,4.480439396800588,6.780812340484686,7.046772701087602,6.799229750415591,1.5727860767672905,0.027777777777777776,1.6840519102421192,10.984800087902546,0.7172832841829668,14834.891319910685,0.5088031684027777,0.1269553892786117,0.5244028366090226,0.595703125,1.8785973683921737,1.4432338741605086,0.467806130728792,0.5520332625613619,0.5490097505592981,0.5536836744590338,1.1735839154223984,0.05555555555555555,0.09052397636890297,1.6274780093917534,5.614911155802012,72.52971523205439,0.23558091905381945,0.019569121540016814,0.23639230093234884,0.74462890625,241.7890489930099,3.9761929747407216,0.22077925502760382,0.23539844642168092,0.25196835474318163,0.23820305338527245,1.1412682532680811,0.027777777777777776,0.015001930206791308,0.12376046767497723,0.06316961188872965,1.7232924242814383,0.21230326334635416,0.04336211442694331,0.2166862907409851,0.2874755859375,0.7408128878560145,1.7548365525903473,0.18651551334665054,0.2243737593765282,0.23606614575059137,0.22632452584994114,1.2656649386147734,0.027777777777777776,0.027191020284834482,0.7306093735063767,0.4634752450801386,8.461238008571994,0.3704086642795139,0.10568496673330348,0.3851907199904394,0.69580078125,0.7444381855040261,2.0868441686041956,0.3210861606969477,0.41652670734897324,0.410517784966956,0.4137436442484866,1.27852843011324,0.027777777777777776,0.07394282603592643,3.8413769102055273,4.605965525954266,50.261972223967305
3,1,15,Cast Iron,1,0.75,0.25,0.44,-0.16193196614583333,1.6972110752062055,1.7049185891010925,7.30224609375,-1.0652700692819688,2.0634805841989663,1.0734437539752757,1.878180973871283,2.010073860042652,1.8884534073152885,1.8725469803133714,12.638888888888888,0.956361273680298,12710.66926122536,6.807483023103883,12962.366318358316,6.316368815104167,2.303438660094004,6.723268897585168,7.0751953125,0.356812895529687,1.2513386071055068,4.174419781347153,7.424916225072057,7.940520924188006,7.460129072719283,1.9021855347823864,0.027777777777777776,2.3582870444790167,12.22444295871254,0.9680542250034012,23876.23364820481,0.5935096571180556,0.1846330076314665,0.6215650091498339,0.75927734375,0.5288581713754339,1.496506025206082,0.47593649725705045,0.6882072365636144,0.6774100913910732,0.6826298956172454,1.4233203280168027,0.027777777777777776,0.15811372497170192,6.298419862435763,7.905056861974385,153.40207451052132,0.2644862196180556,0.01713633514969375,0.26504077865530984,0.726318359375,501.2077623599974,3.6247001848134413,0.2683066953568322,0.26129027065386157,0.26547835079148474,0.26235789925984504,0.9894585389992376,6.138888888888888,0.007813556448242807,0.11422104282016954,0.047174325060587066,1.3214502722024917,0.23312188042534723,0.05789165126576452,0.24020252792035054,0.3369140625,0.16027672067588838,1.7913960160535185,0.19832504150861519,0.2506934410829064,0.2662925830108637,0.2535883398060646,1.3427078143296194,0.027777777777777776,0.03991221432765368,0.9537354463608858,0.8170116296825671,15.08155816992124,0.3186111111111111,0.09139044512855637,0.33145927892314686,0.5462646484375,0.31203929196438285,1.9666230822312902,0.28175082693920733,0.3308675133711183,0.3751518637397968,0.33873298076161634,1.331502263241777,0.05555555555555555,0.06628244256846101,0.9599669873297357,1.4035174209371377,37.58497166302469
3,1,16,Cast Iron,1,0.75,0.25,0.55,-0.15243408203125,1.881135111279054,1.8873011037594314,7.49755859375,-1.1888250935194329,1.898999776909387,1.3767925628766018,2.0783730456859506,2.114361390710795,2.0738344466529273,1.5357152905395957,12.777777777777777,1.6314058709092831,15672.765706180988,7.044069456188271,15924.022522923678,7.116940646701389,2.1746021922730696,7.441756436709631,7.3095703125,2.0008956601630405,1.1607065329215682,5.36046828378416,8.205400502265116,8.371140840166241,8.186470775414389,1.5616435723516178,0.027777777777777776,2.0695369298746553,11.720741076137564,0.9777336840616111,21280.026715151474,0.5089987521701389,0.12147217337416678,0.5232926701330739,0.65673828125,2.132476708876153,1.5675979176077388,0.4811118848372051,0.5528059986020442,0.5333315460602298,0.5522100780558034,1.1085395369950057,0.05555555555555555,0.0883692093415332,1.1358841040992687,4.707810975935406,66.39980428483753,0.27757649739583334,0.03143310524752225,0.2793505897828764,2.25341796875,3093.782211783329,8.944958014290076,0.28047816102258155,0.2768820227929992,0.2806752619658001,0.2775773840050721,1.0007027318722426,6.111111111111111,0.011056286506398753,0.5298478620777846,0.2033367122297735,4.4463768058353,0.23966505262586807,0.05125347484694423,0.24508418172955684,0.352783203125,0.7126194196422433,1.8403872559397576,0.20130293382478973,0.25751463512076633,0.2708544072639215,0.2596875301365657,1.3455065066248268,0.027777777777777776,0.03853076952743486,0.8064273757881453,0.7788141707748522,11.821160738666855,0.3125335015190972,0.06864896527067199,0.3199841714905934,0.4669189453125,1.197016218838991,1.8101633906273626,0.28494984045421096,0.3403736253275309,0.33184182017955144,0.3376701522111732,1.1645622248834901,0.027777777777777776,0.0432367580039644,0.9642822145088465,2.0274415585704153,21.207065598087176
4,1,1,Cast Iron,1,1.5,0.25,0.08,-0.16636827256944445,1.2257559909443287,1.2369948065588852,5.47119140625,-0.994140716665751,2.0289217155096653,0.8643139067009071,1.3648973768500596,1.4072970815404273,1.3638238866390213,1.6282245034238674,12.305555555555555,0.9677765131517598,6353.410620858836,4.364975946411015,6761.151131159729,4.632887369791667,1.447135256201787,4.853642532255271,4.677734375,0.7843760134441866,1.226326083543343,3.315923926959871,5.35568750084499,5.567297135653876,5.364659684116267,1.6789580395344368,0.027777777777777776,1.4532402850580204,14.349951050987476,0.3936183972333187,9423.902306556703,1.3232891167534722,0.6570424294397238,1.4774298090272306,2.55615234375,-0.9100539468063022,1.812757966494121,1.1868016079908363,1.6466029566806282,1.5583957033204678,1.619433401255345,1.31310548690502,13.666666666666666,0.4254283276819553,539.1646278016583,76.0337458494557,1942.6714832623798,0.29940443250868054,0.01413294841916376,0.2997378094883323,0.13916015625,0.9244543985824349,1.2910045992714945,0.29622833444346214,0.30028476031903484,0.3026649961650397,0.3009041255297923,1.0217287172534337,27.333333333333332,0.004502962675476485,0.11890737237142487,0.04688538793594244,0.8988938430945079,0.17372219509548611,0.04649710214123048,0.17983709733068468,0.31494140625,1.2600471400863285,2.2671342553994487,0.1518887576365896,0.19073649738883328,0.19383895015303662,0.1908961089905289,1.276190240602385,13.666666666666666,0.03491784085416228,3.6651444612633552,0.18524711556201034,9.728914196540913,0.21889811197916667,0.06271936570406866,0.2277061752837733,0.4144287109375,0.9170988831119735,2.2944522117105333,0.2064922261414321,0.2429730899971055,0.23211063066457688,0.2404866168986086,1.1240647408469413,13.666666666666666,0.04718489139479918,6.477506274775912,0.2935589077942147,17.701787076145415
4,1,2,Cast Iron,1,1.5,0.25,0.13,-0.15757405598958332,1.4341317816410153,1.442762471869102,6.4892578125,-0.9913190145767721,2.1761367506548592,1.0133908989176987,1.5908197186341884,1.6392138846096147,1.590445265892174,1.6175533906612884,12.472222222222221,1.1318790073498055,8731.00042828595,5.502151268184121,9255.302865923775,5.418782009548611,1.6479977427697385,5.663841013586261,5.41015625,1.1070115266186544,1.1940122076657589,3.9046146814975855,6.2632530225406615,6.462424533115594,6.260038848198832,1.6550735630172295,0.027777777777777776,1.6606710022583195,29.719637404175394,0.5014214756202037,12221.534725358753,1.0273141818576388,0.4523620950787998,1.1224998411179894,1.82373046875,-0.8520515895731879,1.7552027818442288,0.9187730531114185,1.2670288126119933,1.1534781076453502,1.240030701261046,1.2554548740182405,13.638888888888888,0.34711368548429933,333.1940830072564,36.132670872986225,920.8418105840682,0.2892019314236111,0.013799896184234207,0.2895309901786728,0.130615234375,2.5490025419438425,1.3280840304442283,0.28789128338390413,0.29046435188820197,0.29023034309882817,0.2905004393357584,1.0081248021386076,6.138888888888888,0.008343910370368763,0.2326270696257735,0.040641521155950606,0.8570164442062377,0.17971516927083334,0.03560381853607913,0.18320800735883333,0.2178955078125,-0.502209045482338,1.6957170693092043,0.15801231156251866,0.19518691125958687,0.1939837646525984,0.1942782476474516,1.227649685865442,0.027777777777777776,0.02315942448743099,1.5823879604063391,0.20123958101665065,5.704359551601939,0.2327362060546875,0.05310550904624176,0.23871811137781404,0.328369140625,-0.5117319211331948,1.838330451362163,0.2184222658540761,0.2594169487505655,0.23654507092621707,0.2535830294986672,1.0829714177777485,13.638888888888888,0.03780837136720189,4.031723732454443,0.33053292876032514,12.690880758398107
4,1,3,Cast Iron,1,1.5,0.25,0.2,-0.15972574869791667,1.451995092097737,1.4607539362510804,6.35498046875,-1.0469652546678008,2.0172989239465555,1.0369060961303003,1.609844248609698,1.653672709409324,1.609193502765722,1.5948143381360922,12.444444444444443,1.3595459620373644,9043.399490440448,4.975163185132589,9487.39646897051,5.489027777777777,1.6534568871912891,5.732656070532782,5.546875,1.2851337134660028,1.1975660654559308,3.9976107057689774,6.346814493717021,6.505927397113641,6.334296740070592,1.6274539658713882,0.027777777777777776,1.6367906189815329,22.0349573058286,0.5545171640487263,12302.639020601908,1.4434654405381944,0.5059197071895636,1.5295578538096877,2.11669921875,-0.16903491662289838,1.5642285900077448,1.2838167052255436,1.6580767705828732,1.6190237103544816,1.6451346617369231,1.261101918805495,0.027777777777777776,0.3171468214347481,200.93436035797282,81.49103616284735,1151.7967639393275,0.28558186848958333,0.015497056191855613,0.2860020320917584,0.159912109375,2.26257106582032,1.421298085373687,0.2823421844216651,0.28462348533722126,0.2909705304190454,0.2857621890594698,1.030559889642613,6.138888888888888,0.01106748509693956,0.21637018602763078,0.046748904069026376,1.0807146959834628,0.18795206705729167,0.03991541200103125,0.19214374729956926,0.3143310546875,0.25651234071878726,2.1092200146806888,0.17180364493075884,0.19940834653697087,0.20366020180403258,0.20050585001333085,1.1854242201096066,13.638888888888888,0.02328523795762352,1.942495022692982,0.39069068029817006,7.169607038878732,0.27791517469618054,0.07726715937494265,0.28845633680729105,0.604248046875,0.028250877059378343,2.484094273351697,0.2615566456218184,0.2955564112683124,0.3063587825117843,0.29785458047307156,1.1712903787378615,13.638888888888888,0.04701657221698837,7.626860156343177,1.092832720885197,26.866168247908345
4,1,4,Cast Iron,1,1.5,0.25,0.31,-0.1534738498263889,1.6332471640728974,1.640442172565889,7.177734375,-1.0673451100142883,2.0433824716947546,1.1717881454494263,1.8053635028847288,1.85491960182485,1.806934947520672,1.582982051003269,12.555555555555555,1.242758176791019,11500.709016781937,6.4597623681800735,12003.73399431308,6.168229166666666,1.8832564104738205,6.4493182399466145,6.298828125,1.5498276709006369,1.184869668109796,4.555420889679615,7.109152995126111,7.313631210970672,7.105663806488208,1.6054787006706297,0.027777777777777776,1.831738553316595,27.488554178368112,0.7607743764521933,15959.946706538727,0.9014124891493056,0.3305230878854874,0.9600989465777496,1.4990234375,0.7365126109002169,1.6477793831970273,0.7835558635240658,1.0740859847821231,0.9988741000200104,1.0519424806234088,1.2747962800348969,0.027777777777777776,0.24193130937005547,48.348679963077885,26.24747005175392,491.60481705665586,0.2882797580295139,0.01435600912099554,0.2886369932760477,0.13671875,1.3212438433554556,1.3152807184071509,0.28496649451063377,0.2911472142527433,0.2897608294809698,0.29073192260039166,1.016824205872235,6.111111111111111,0.008432835438225284,0.164742897727856,0.03762752723105866,0.9274284382661182,0.2108309597439236,0.04575080846321146,0.2157378734983299,0.2825927734375,0.04645178606375788,1.7484054121258408,0.1829765503466954,0.23016058394604572,0.23059526839374367,0.22939867037842607,1.2602449218592358,0.027777777777777776,0.0311624484385371,2.139260711786804,0.5709693711778427,9.41913349032402,0.26397081163194447,0.0570405757439709,0.2700633567791661,0.328369140625,-0.029632934356365936,1.6136621451437831,0.2425841784784116,0.28580372713280416,0.27977097049809385,0.2845557966437693,1.1532943832237255,0.027777777777777776,0.03318280713465995,3.2613153218323947,0.6270004393421205,14.641322775433459
4,1,5,Cast Iron,1,1.5,0.25,0.35,-0.15444661458333334,1.6759518949887977,1.683053329836222,7.4755859375,-1.0229261645054393,2.116398604610241,1.210895808332823,1.8542092100541836,1.8956911879129004,1.8531588517517794,1.5655279131925584,12.61111111111111,1.5869845882577518,12056.761112285667,6.5646658093173835,12639.685480647617,6.300372178819444,2.027446958352368,6.618552013890526,6.5771484375,1.3715705290674904,1.19514906484058,4.686851833035463,7.31551521009221,7.478793310942927,7.301395905951516,1.595696552263153,0.027777777777777776,1.9316759198199502,33.062755433264044,0.7789991680496265,18497.435756296592,0.7294832356770833,0.28664603548952877,0.783780416185408,1.50146484375,0.1478579681138914,2.0340368913643196,0.6506991627346937,0.8681300519554104,0.8160122761917121,0.8525217767210586,1.2540545968466548,0.027777777777777776,0.1957220622051863,35.833521870333044,24.27596081588635,369.7467735052109,0.27878553602430556,0.013599548302263264,0.2791170414188015,0.145263671875,4.523650063860019,1.403875955166258,0.27896959118043047,0.28051806683078623,0.27785706722935255,0.27994693838732215,0.9960120242985252,6.111111111111111,0.008067534458150867,0.07748864542701145,0.03837947740996622,0.8322647184133529,0.20625291612413194,0.043565964616657696,0.21080383934522653,0.3131103515625,0.34720523310243756,1.9283052049127904,0.1848081109769924,0.21742276152808016,0.22778955405084642,0.22094440218086886,1.2325733586401137,0.027777777777777776,0.02496610714450439,1.4794377110389911,0.7122617485325816,8.541084314386051,0.31730448404947914,0.08455362984391547,0.32837699663296765,0.5242919921875,0.08792940227686152,1.9386153299862066,0.2933130269575232,0.35019238590082075,0.3388615009515983,0.34943246414490686,1.1552896387403595,0.027777777777777776,0.05231149917013607,7.5448170803682775,1.391289421668982,32.17192783736521
4,1,6,Cast Iron,1,1.5,0.25,0.4,-0.15489935980902778,1.9882347030714718,1.9942595232734754,8.8623046875,-1.020517882727247,2.115446836666041,1.3126490932130703,2.208916237362338,2.308431188687409,2.211843775560881,1.7586049467621903,12.916666666666666,1.1858671957548934,17226.210857933656,22.335862421735975,17788.85673442946,7.466947157118056,2.6339220011103275,7.917881342576842,8.447265625,0.7988702940191326,1.2339800749426524,5.134559200989297,8.775649271417235,9.203413309310283,8.788591329058917,1.7924446771471685,0.027777777777777776,2.6426162913750413,32.28587347269755,1.2541023278789711,31218.953926987117,1.0181646050347222,0.43015207891120166,1.1053008522285417,1.75048828125,0.20313269175656812,1.632315052605196,0.8715301002397196,1.2244829249462938,1.1858105973141473,1.208980449614677,1.3606077368847995,0.027777777777777776,0.30581450061788706,39.53526182224608,38.2418904654623,832.6387834058868,0.29722452799479165,0.015892954215852382,0.29764913242849184,0.540771484375,197.50936099779827,2.690353045770702,0.30165020074261756,0.295199561178315,0.29605640269781436,0.2951781123532507,0.9814560108661221,6.083333333333333,0.005168552369582016,0.12453393720871087,0.07196898112261359,1.136638664537006,0.26784871419270834,0.07616410041866659,0.2784670606863079,0.504150390625,0.1880163573597664,2.1216883283928394,0.21542696975603073,0.2995057646370301,0.310675440472429,0.3012586173085412,1.442138098234712,0.027777777777777776,0.05903178933692541,2.616354578048388,1.9663880959360815,26.104479189962156,0.32242431640625,0.09410067106607413,0.3358755366279645,0.6103515625,0.2187337072675386,2.0970437745967034,0.29099526920855107,0.3593837163393345,0.3529904050307046,0.36178667232021505,1.2130451673347402,0.05555555555555555,0.06487621309873579,4.594958899030407,1.242347313345167,39.84726578129663
4,1,7,Cast Iron,1,1.5,0.25,0.49,-0.16144124348958333,2.0995183665119774,2.1057161837295606,9.1455078125,-1.0815370828062787,2.0498518667197367,1.4935375577299248,2.322391624016265,2.382848011857026,2.317422827862647,1.5954389626992658,13.0,1.6736302061006019,19204.640658777334,8.944581042811242,19835.89818568759,7.942624240451389,2.55037009154718,8.342042161776957,8.69140625,1.7122089789103914,1.1981619121151645,5.8629469235513145,9.216383148929266,9.457966869805897,9.196273278511164,1.6131762734902948,0.027777777777777776,2.429339843034385,34.378070582700765,1.4222170147716058,29269.74509284762,0.7180295138888889,0.2652151311297466,0.7654446084438004,1.240234375,0.7127081793497521,1.6457959349418987,0.6505650207278172,0.8094600883149768,0.8241698035099158,0.8190346528769686,1.2668523164492902,0.027777777777777776,0.1592028206539847,20.41138627126958,20.380762895937874,316.5261569288042,0.285894775390625,0.022334645004891622,0.2867658608746,0.869140625,417.3643138514421,3.903479871038402,0.2981405879956416,0.2786391928882753,0.28315431634646665,0.28002202204971893,0.9497342118028089,0.027777777777777776,0.011339486461118715,0.30058781446346167,0.12421956390995163,2.244778889417648,0.27468092176649306,0.07103823558039243,0.28371823997914836,0.4638671875,0.7480891733660684,1.925377263293496,0.23371354064817856,0.2993370538573165,0.3118708517901457,0.30112657466063414,1.3344149890725479,0.027777777777777776,0.04713465331368881,1.669857645483655,2.2940595572580045,22.70899787545204,0.3275674099392361,0.0833619369516695,0.33800831437500717,0.5267333984375,1.1564099524988585,1.8418440235742108,0.31264490781219045,0.3623640260318829,0.3371859072039827,0.3562246441183241,1.0784947996227539,0.027777777777777776,0.0536635624494135,2.7142771794757103,2.303737577449162,31.27151138285796
9,2,1,Cast Iron,1,1.5,0.5,0.0,-0.16364393446180556,1.4064020596605369,1.415890564522393,6.20849609375,-0.9123105825108104,2.060526810371197,1.3865942140634486,1.692293460378041,1.108033213219759,1.6310502894692502,0.7991041661515667,12.388888888888888,1.3434248430400337,8719.750458365184,4.251923575081815,8900.850430711112,5.1740532769097225,2.1039278466844107,5.585457877054874,5.7763671875,-0.8097111877708003,1.27021395893884,5.4341133123402345,6.684977448434199,4.401534745021996,6.466732143491738,0.8099821428137367,0.027777777777777776,2.536740015620558,0.571206770656794,0.0029288135862257985,19919.305736509952,1.8297376844618056,0.8431505577753048,2.014657007288451,3.1884765625,-0.14405297862710276,1.6189945674127346,1.8552087959090493,2.356415498758076,1.7838259141081554,2.3388267709190598,0.9615229930138853,0.027777777777777776,0.885141145812813,32.73588595785918,118.31972315750372,3199.068817252584,0.311072998046875,0.01883827881440273,0.3116428899599031,0.126953125,-0.21593680530227033,1.2221019226493584,0.30882698693207694,0.3218748794789999,0.3039511912964233,0.3206200198108352,0.9842118861305148,0.027777777777777776,0.016709498571474184,0.03092474457399831,0.052523513644036984,1.5969858401351509,0.17542249891493056,0.03323663420334624,0.17854334761823487,0.2099609375,-0.5388698504279237,1.7058346544432907,0.17926503981324604,0.19507556340200072,0.15950783993373144,0.19127999598754689,0.889787769550063,0.027777777777777776,0.032401008580975874,0.2251879810253587,0.18477560656425474,4.9710323492685955,0.21561191134982638,0.04756629725719674,0.2207963970509605,0.3057861328125,-0.11773395716015855,1.8880295274532268,0.21556063027555852,0.23225568658784643,0.214112254611613,0.23961833789705128,0.9932808896406825,0.05555555555555555,0.037329159720528964,0.2549644581228532,0.2611252825001892,10.181492134431997
9,2,2,Cast Iron,1,1.5,0.5,0.1,-0.1656903754340278,1.4022790073352112,1.412033892980085,6.47705078125,-0.9261088746310562,2.1733526875712763,1.4338769693590292,1.6391568696450534,1.1129603488941904,1.6020830519849167,0.77618957042856,12.36111111111111,1.3171653833171046,8669.622793362943,4.429672001257195,8848.740298867226,5.166222873263889,2.081045264907094,5.569614723733342,6.0205078125,-0.7560789692341849,1.3194149285023027,5.62470706247563,6.476445887934231,4.4136315698615185,6.347006124684931,0.7846864771512074,0.027777777777777776,2.3908005255555564,0.4379812117431504,0.002755288428548581,19488.372284571327,1.4004690212673612,0.646165942056898,1.5423501237409873,2.38525390625,-0.14050845661868117,1.5813302091449013,1.535960902064551,1.7402808140738952,1.3224138944017745,1.740400138863567,0.8609684612572241,0.027777777777777776,0.6229236775351754,17.24542333142496,76.9498073953585,1878.890274381638,0.3077444118923611,0.019470570887645935,0.3083597350200996,0.140380859375,0.09170810512747973,1.2905356100531762,0.3050911731673016,0.3173096205607204,0.30247505566576793,0.31646136851651835,0.9914251288414068,0.027777777777777776,0.01562686549387485,0.05282792502495087,0.06052721859196056,1.7060077216890124,0.18183614095052084,0.036206125727628324,0.18540567870478647,0.22216796875,-0.6008347269368048,1.6887851210914215,0.1885231385470712,0.20181202684781946,0.16388022803219524,0.19815365529192672,0.8692844246876198,0.027777777777777776,0.03568529925526382,0.21441566416366595,0.22243269496892415,5.8990071910950865,0.21762308756510418,0.04765688077538721,0.22278013045738274,0.3082275390625,-0.46518208716063913,1.8657382649392633,0.22373947476205117,0.23574480257056118,0.2079855645807997,0.239697034986847,0.9295881506917548,0.05555555555555555,0.03805910879810202,0.3006657674070476,0.2509828751197773,10.22031274586916
9,2,3,Cast Iron,1,1.5,0.5,0.14,-0.15198296440972223,1.7588353820827052,1.765389680137726,7.7685546875,-0.9032794257801506,2.153218393659946,1.6932774613047552,2.125173147010162,1.4022313298719988,2.055610689824957,0.8281166919870943,12.777777777777777,1.4749715571016666,13683.891696753411,18.816910653135444,13920.76350997686,6.454820963541667,2.7598706402521143,7.02008544266397,7.578125,-0.7961074396866121,1.2617256509685444,6.695924252753496,8.452565883213103,5.618142687600343,8.202191536825685,0.8390391640541709,0.027777777777777776,3.3349304474605903,0.41678334962398506,0.005135893494497925,34275.986781729596,1.4778228081597222,0.6479551582062572,1.61363135175392,2.68798828125,-0.01570083482271256,1.6915215390015859,1.5302452949836325,1.804393056213852,1.4879292503197992,1.848866634262024,0.972346887912316,0.027777777777777776,0.6048953386569784,20.37495850198041,89.0093091287816,1889.3124111056334,0.35355075412326387,0.024013446038053013,0.3543653218526766,0.177001953125,0.15912431579273845,1.2848950999056705,0.34724849477024716,0.3663091861750912,0.3492283021159558,0.3641325658083574,1.0057014137585205,0.027777777777777776,0.016877659571549488,0.1965098566510423,0.08808501570987595,2.5949051585462355,0.19094679090711805,0.04454630757536723,0.19607409435294068,0.2752685546875,-0.42022146786965564,1.8334756128741407,0.19072434638974312,0.2200104279941132,0.17479927544766902,0.21471276972307865,0.9165021600885113,0.027777777777777776,0.04521668246011957,0.2647427574565023,0.4494177682410365,8.929737657805282,0.24790364583333332,0.06772417469552879,0.2569879013799079,0.4052734375,-0.14767312761408968,1.9308917565692674,0.24769504004668363,0.271710709008104,0.2508959986000833,0.28350160181448286,1.012922982037898,0.05555555555555555,0.056716914908475,0.42520947127904507,0.6329402337008553,20.639659480005502
9,2,4,Cast Iron,1,1.5,0.5,0.19,-0.15553195529513889,2.006292190333912,2.0123117407878865,8.87939453125,-0.9101722910823109,2.14863849428077,1.8722957220005652,2.4250319269051483,1.6619038808569548,2.3654586320274276,0.8876289473551727,13.083333333333332,1.8519049353900114,17833.45574963431,19.50255095494803,18113.44721941153,7.355115017361111,3.1417029561537326,7.998000649119506,8.6865234375,-0.7956084200307743,1.2497019725298917,7.3874653412532485,9.656556419029185,6.6393009502383915,9.431059429045769,0.8987251572150273,0.027777777777777776,3.811913782376592,0.6615608282120405,0.012385532355363294,44416.338592068365,1.5673554144965278,0.6802574252291471,1.7086114713213683,2.8271484375,-0.11173407444389438,1.6746511263834423,1.541487431631985,1.9462080567801077,1.6106365752824987,1.9940367689745762,1.0448587138834502,0.027777777777777776,0.6906229750727525,22.158861955065714,103.76561899701262,2082.3769676764805,0.3314016384548611,0.01531899882804299,0.33175550891531563,0.145263671875,0.4494973037761496,1.2068846311221444,0.3300871620220215,0.3377237756933546,0.3273687063337799,0.33694039106464296,0.9917644307291774,0.027777777777777776,0.01102964692711386,0.06805294819412952,0.061200013452119104,1.0560253272453943,0.20373019748263888,0.05058824384113871,0.20991704023553104,0.257568359375,-0.41431676358823477,1.610801892240888,0.19968600298440284,0.23893352277821425,0.18770126064745085,0.23211835372620018,0.9399820610466719,0.027777777777777776,0.05268140302225055,0.2811278750976942,0.549190620552362,11.5163445983496,0.26558648003472224,0.07233282732070379,0.27526027008168225,0.4412841796875,-0.06390072896485322,1.926887260755457,0.2640699271280561,0.2898626062612251,0.27120359867515603,0.30303307447015043,1.0270143276998012,0.05555555555555555,0.06096301211898006,0.6426377286754025,0.690762178388044,23.544250906258824
9,2,5,Cast Iron,1,1.5,0.5,0.27,-0.1479904513888889,2.242292337042827,2.24717068743415,9.6044921875,-0.9137077474871238,2.0555361685828135,2.053043068112761,2.7145433891872672,1.8882787516899244,2.6599497856423433,0.9197462932064575,13.388888888888888,2.070397302954345,22326.144696269635,7.369410119243743,22625.44574055274,7.744064127604167,3.242018712887328,8.395309079906308,8.65234375,-0.6517317281190578,1.1905597628826723,7.7867533315107105,9.9951171875,7.134966615466452,9.835423634796054,0.9162954458302065,0.027777777777777776,3.8446165778419568,0.32306303836115047,0.007712065199551201,47298.084006203535,1.0202446831597223,0.42663388169726046,1.1058551815349758,1.8408203125,0.0864159899240069,1.7065589263057694,1.0717117565249608,1.256436518998054,0.9703340827970014,1.254065571107961,0.9054058396665557,0.027777777777777776,0.42659195520948145,8.88545748398478,32.540181505038156,819.0741994063059,0.30477335611979167,0.020215935010628523,0.30544309229196087,0.7861328125,372.18720072298123,3.3810384644838165,0.3055940151695211,0.31191673365249206,0.29867490193646457,0.3107217025478439,0.9773584792581153,0.027777777777777776,0.011681070244686695,0.12216110774536564,0.14110804146539774,1.8390782290034822,0.23354363335503472,0.059834869734029905,0.24108679000882488,0.343017578125,-0.46540197737787503,1.7898888390844825,0.22058797015165618,0.2772514124628079,0.22100027751572549,0.2716234934739152,1.0018691289637682,0.027777777777777776,0.06540489947141048,0.3358738048133774,0.9187843244925276,16.11103243728479,0.2892237006293403,0.07280207917537804,0.298245690225338,0.38330078125,-0.24478457875670623,1.6433173076774326,0.2893831877703556,0.3139564329121252,0.29075798197629266,0.3261926371425152,1.0047507742814281,0.05555555555555555,0.06680402826091662,0.34439361890953535,0.509911427690634,23.850766016708484
9,2,6,Cast Iron,1,1.5,0.5,0.38,-0.15285264756944444,2.4133398511613486,2.4181755868986166,10.439453125,-0.9079364660028406,2.144404609447993,2.2526971104728424,2.92287244720254,1.9811339916999429,2.8455935913872805,0.8794497859874743,13.583333333333332,2.339788472245448,25887.608593726825,5.490094138085146,26208.94395287831,7.856048177083333,3.2100293719320145,8.48656476610652,8.642578125,-0.5561531564886324,1.1777577221137,8.067913022450195,9.9951171875,7.146450619593091,9.842949357669566,0.8857867703465574,0.027777777777777776,3.711226773964625,0.3246273438683936,0.011740269107531415,46369.29856286051,0.8288859049479167,0.33447721308986417,0.893827080311225,1.43798828125,0.15143458258890297,1.660695936268959,0.8533111024608235,1.0100583722617358,0.8052470400654286,1.0164474150570413,0.9436734594724183,0.027777777777777776,0.32751724419312095,5.685322550849986,19.744901213651268,503.44075696468343,0.2992034233940972,0.035480947458640666,0.30129982775187614,1.6796875,805.5714130525469,6.364838054120191,0.2990805936938364,0.3055432463765106,0.29923048253708373,0.30352088501446034,1.0005011653929001,0.027777777777777776,0.008610913822291545,1.191751252321383,0.3105011229331147,5.665357045994864,0.2553447808159722,0.0710356680236229,0.2650415499907878,0.3839111328125,-0.473188078617663,1.803133408532024,0.2583616657288182,0.3024052430489235,0.22921908367958735,0.29324676749943,0.8872023759135401,0.027777777777777776,0.07391725135224249,0.3354969779619352,1.551619375690023,22.707298744718237,0.3036515977647569,0.08244131619566063,0.3146440265461314,0.472412109375,-0.30030622987046485,1.8428253373816645,0.31561774070027326,0.32646854009427106,0.30134087742531435,0.3409715673164018,0.9547653333957645,0.05555555555555555,0.07922296720920564,0.44613667014293734,0.8151497732884858,30.58463064796394
9,2,7,Cast Iron,1,1.5,0.5,0.47,-0.15303873697916667,2.6659179402663806,2.6703069709773666,11.1572265625,-0.9315158381158386,2.018728580117874,2.440245909154982,3.220611188481265,2.25044027542004,3.153384318430181,0.9222186448411387,13.86111111111111,2.284959754586547,31613.049535477992,7.100764955440683,31982.03486829333,8.069975043402778,3.08879815558006,8.640901066848205,8.662109375,-0.18384572749902928,1.1567216324056062,8.20496808808913,9.9951171875,7.534696067045867,9.930039190491616,0.918309003295665,0.027777777777777776,3.417706631300147,0.332149249517802,0.020799856363080044,42933.033214675066,0.7760853407118056,0.2887784955169578,0.8280709362976079,1.2890625,0.6740704169388243,1.6156715159957786,0.8038105256748692,0.923326674780495,0.7473024267828087,0.9299568651563398,0.9296997276259638,0.027777777777777776,0.27588348503167454,2.768929317160581,14.600415205047387,375.2685879468917,0.2968488226996528,0.022363653133516098,0.2976900342968271,1.19873046875,911.1787475641952,4.871494324375026,0.2973300165655513,0.30306050689449915,0.2925871835349535,0.30223101601407687,0.9840485898955574,0.027777777777777776,0.008716112917987351,0.09711457543965449,0.1388275241957744,2.250671098629633,0.2804616970486111,0.07985639794995744,0.29160899815494185,0.400390625,-0.3609599140650088,1.6932756437102148,0.2841413233883651,0.3335801291904895,0.2511880354777103,0.3219701767450811,0.8840250072826817,0.027777777777777776,0.08144352725200484,0.3794669475924452,2.2400349465784593,28.69670526683331,0.3218853759765625,0.09051762067399372,0.3343705054577243,0.4718017578125,-0.32516025423425887,1.7286301281157082,0.3228768353610044,0.35446897768765906,0.32482795108255497,0.36869642517081674,1.0060429101993924,0.05555555555555555,0.08387749277212464,0.39832652284944037,1.0302324897517576,36.8704886643423
9,2,8,Cast Iron,1,1.5,0.5,0.64,-0.1437787543402778,2.869745198361294,2.8733447119545796,11.8017578125,-0.9356469770828872,1.9984332113406271,2.6239853108831324,3.4640477610475116,2.4255728598834776,3.394777328649775,0.9243850755655043,14.083333333333332,2.4434943202637665,36669.96191179803,8.570441123556586,37059.47215243447,8.164600694444445,3.030872031550131,8.709011985946255,8.6328125,0.006440121365633544,1.1476752131733352,8.298100932536192,9.9951171875,7.6668000258028535,9.950090444815093,0.9239222429486176,0.027777777777777776,3.2792120217646756,0.4879611191812593,0.03263971174452711,41337.83374757236,0.7320548502604166,0.2707941437745549,0.7805342863016304,1.20361328125,0.5995829792677445,1.6045949911878765,0.740009885111932,0.8811485757472038,0.7096928023254042,0.8813964580011577,0.9590315164750237,0.027777777777777776,0.26347618578862575,1.9057138470039625,14.195791579473811,329.98266944620354,0.29747300889756945,0.02860696490674084,0.29884536045210564,1.248779296875,614.4608488337575,4.995626900870902,0.29814660306615315,0.30463017796637015,0.2936574639670141,0.3036051339583625,0.9849431821359943,0.027777777777777776,0.009514005330098305,0.4193166141760766,0.32692254589564596,3.683267123169369,0.3058395724826389,0.09112942343678283,0.3191275856335265,0.501708984375,-0.3608075143505447,1.8590110835209286,0.31285514856636876,0.3652877088694729,0.2724220870290401,0.35296966725281326,0.8707610799355241,0.027777777777777776,0.09200491698724803,0.9213653895935068,2.630403525405531,37.37067225078743,0.3163481987847222,0.08448322682889917,0.3274348767156018,0.52734375,-0.09423750797857533,1.9404651787120553,0.3215880476343144,0.3547870943587203,0.3038882043853142,0.35728559929095544,0.9449611284399253,0.027777777777777776,0.07346778086587304,0.6758371737661358,1.5057919453550301,32.118371182100645
9,2,9,Cast Iron,1,1.5,0.5,0.81,-0.1489377170138889,3.057942251769982,3.0615671246453795,12.3583984375,-0.9389158478463191,1.9872124723395397,2.9066281882708123,3.684050942692787,2.4695872130625514,3.569263884228066,0.8496398758630832,14.277777777777777,2.5852193994090444,41607.75409134948,11.24968409633346,42079.54973158837,8.26845974392361,2.9480863783355877,8.778305065957388,8.6279296875,0.20354802201321265,1.1386158389802898,8.592441777847917,9.9951171875,7.579148777763586,9.925849204403153,0.88207158962698,0.027777777777777776,3.118088020673795,1.0189934518560317,0.03619710779792461,39110.45985790889,0.6866794162326388,0.24192638234766667,0.7280501323078151,1.39404296875,0.9565089115226164,1.9784759641949974,0.6482578411704457,0.8177880355641101,0.7079233614661323,0.8270083005839152,1.092039797294174,0.027777777777777776,0.22159467505369562,11.617042637775521,19.169385418562882,263.3777573585511,0.286715087890625,0.031032501652929412,0.28838959374944145,1.241455078125,622.7018261889447,5.151349893768063,0.2933817643698361,0.29094181276806386,0.28068786091916853,0.2897892533143997,0.9567324728654039,0.05555555555555555,0.006408631939251278,0.6691417095536195,0.38756089435305485,4.333668382300271,0.33608622233072916,0.10634849419549276,0.3525109233175464,0.5987548828125,-0.38238083504523646,1.9617216788756424,0.36230334275673876,0.39691091028335906,0.28981005900398904,0.38242745410017426,0.7999099781935386,0.027777777777777776,0.0966463141927537,2.038291048808902,4.811843077846362,50.89501730634106,0.37322645399305554,0.11766163518914166,0.3913339320268728,0.6170654296875,-0.18565140148304327,1.8513275885254685,0.352957793859835,0.4526374051480814,0.3605092429900363,0.4415709803408758,1.0213947652143363,0.027777777777777776,0.11348455089697393,1.6559523176997515,6.616075602534498,62.29918221210441
10,2,1,Cast Iron,1,1.5,0.25,0.0,-0.16872504340277777,1.267238325324422,1.2784213364311139,5.99609375,-1.0094280654314727,2.2916447156448587,0.8181093888703369,1.4173937680032758,1.4915680589884677,1.420707431185691,1.8231890249396319,12.305555555555555,1.2014219322300335,7017.61299017284,3.677026291387896,7226.521959172354,4.7335791015625,1.612952385495156,5.000838580540644,4.90234375,0.10140325035256481,1.2439319975665912,3.1302111130044605,5.5701170128631325,5.848139394449088,5.57453768570931,1.8682891291750245,0.027777777777777776,1.7181758699505318,5.980172792658349,0.3646689339743046,11707.26951417923,1.0859288194444445,0.49106053035066305,1.1917977367692385,2.08740234375,0.11927324147293694,1.790395296675374,0.9095945226587155,1.3591951412026424,1.2595125678552122,1.325345350639566,1.3846967373700727,0.027777777777777776,0.40843758253756757,31.85134140870946,22.172409118101168,1085.1331704775496,0.2972125922309028,0.015662461266481915,0.2976249950416412,0.14404296875,0.2279998404521777,1.337082655622799,0.28734388483848816,0.30241909221924895,0.3028499587713722,0.3021575679768062,1.0539634728666656,0.027777777777777776,0.009054652641879492,0.054507913940897615,0.03356307705308924,1.103908290465673,0.15520819769965277,0.024317940228150425,0.15710170861615222,0.147705078125,-0.281692443808228,1.5229485064645631,0.13511235786798959,0.1656017256374209,0.16841484426143638,0.16587727066072708,1.2464799439440226,0.027777777777777776,0.019308968032779438,0.2878596404155362,0.09622216583964,2.6611357459591503,0.18054043240017362,0.02712312256129113,0.18256645778651806,0.177001953125,-0.15938089153086743,1.544546710791381,0.15959359360642342,0.1948168999389539,0.19122707680690204,0.19310987597722384,1.1982127382787715,0.027777777777777776,0.021374762192365795,0.25010213383932706,0.09913593838533291,3.3105278531710307
10,2,2,Cast Iron,1,1.5,0.25,0.04,-0.16690592447916666,1.298463761613019,1.3091469466215306,5.908203125,-1.0725206927247277,2.219211101547872,0.9186224245519867,1.4455426749386076,1.4859799458899152,1.4392872654508597,1.617617756952351,12.305555555555555,1.3109477719364955,7366.5630849486715,4.375256304433025,7587.593869686128,4.917646484375,1.5203028048756917,5.147287398601199,4.9169921875,0.8299331740648674,1.2170776473842222,3.537577045486816,5.695070196159532,5.876685017886894,5.691882116234343,1.6612175345790063,0.027777777777777776,1.531941291549186,6.284866868984146,0.4517554460527139,10400.943023681637,0.9638975694444445,0.4317521688342513,1.0561763392890353,1.88232421875,-0.09361206042612347,1.826125870986952,0.8434796653761976,1.1936342096676869,1.1001385397438892,1.1637054745835715,1.3042857876760077,0.027777777777777776,0.3076416258013067,27.11083657931252,30.605281671481986,838.8447427272797,0.30121107313368056,0.032890156178240045,0.3030014405110518,0.66650390625,88.72756570442132,3.0376428399073188,0.2894511797209396,0.3068179174838442,0.3122665510815251,0.308283557235506,1.0788228653363303,0.027777777777777776,0.011766645649151114,0.4248519163393795,0.3125247043098234,4.867936493953069,0.16245001898871528,0.026706340075331552,0.1646306085442595,0.213623046875,-0.06391705246478763,1.8499927345261573,0.142459830762802,0.17324665232986475,0.176069605226139,0.173732875916657,1.2359245710413473,0.027777777777777776,0.02014676036022189,0.35116502378196374,0.1873397247956621,3.2095407495896016,0.1963925509982639,0.03577101867632661,0.19962364555519915,0.2386474609375,0.0802154769213903,1.7060913346601778,0.1785006980164421,0.2159499982716944,0.20261268136111693,0.21274476522932279,1.1350806109590328,0.027777777777777776,0.026089210675017013,0.34773441808754646,0.12937980367463836,5.758144353081782
10,2,3,Cast Iron,1,1.5,0.25,0.08,-0.16445041232638888,1.466139460762428,1.4753334729880778,6.5771484375,-1.0942994755715028,2.1082362865396296,1.0632839863387156,1.611959262739398,1.673571351697171,1.6182405060304434,1.5739645976047314,12.388888888888888,1.4040902841995844,9381.54884916858,4.982827642493217,9673.825746250151,5.548324652777778,1.7050627334697364,5.804407409692133,5.72265625,1.278834541578635,1.216411319303738,4.096693360128157,6.381999783580979,6.600046848964105,6.387026483710505,1.6110668455687482,0.027777777777777776,1.6439403654725828,10.386406007511937,0.5078776629601556,13082.575486040116,0.9228778754340278,0.37569370034573685,0.9964182502569376,1.6650390625,0.4953924387083575,1.7151275325992064,0.8595315166473668,1.083067155501512,1.03282094135384,1.078678423052894,1.201609157256263,0.027777777777777776,0.25180640370787816,30.183993420606278,33.20653143427707,635.1559052334893,0.2882199435763889,0.013255606556986401,0.28852460376954064,0.1025390625,0.08637689672821214,1.2057910697379757,0.2835981293367297,0.2900971308505053,0.2918134620783003,0.29025787576690076,1.0289682190809382,6.138888888888888,0.0093340639951887,0.08462406418035864,0.039623218914096994,0.7907307773828507,0.17165791829427082,0.03071368314390679,0.17438397645823675,0.2001953125,0.03697343507551265,1.6310204291798376,0.14996420901851143,0.1818336155460104,0.18888246611869108,0.1832875959870119,1.259516969781607,0.027777777777777776,0.021495667451688398,0.5101264726827829,0.2743840637815613,4.2449933855070014,0.20854587131076388,0.03916275792569552,0.21219119220437102,0.2484130859375,0.13941850104019515,1.6453137857566942,0.19288218277226818,0.2251277315979087,0.21723092363179392,0.22381828978867946,1.1262363402858924,0.05555555555555555,0.024789310496326822,0.7124574620001501,0.15009290200042158,6.901774039864541
10,2,4,Cast Iron,1,1.5,0.25,0.16,-0.16094563802083334,1.627791922581143,1.6357292079125894,6.89453125,-1.1338980993470338,2.0059860667202467,1.1620757453390786,1.8083641461268387,1.8455972480345262,1.8037419524776623,1.5881901463282024,12.5,1.4572868596979853,11669.85972790304,5.941107455481017,11923.885776382018,6.1561376953125,1.906950506410073,6.444725871404084,6.3818359375,1.457267688289373,1.1970786506578286,4.556613174357971,7.129963126098353,7.280410487903864,7.114944933465754,1.5977679494221444,0.027777777777777776,1.8547027917913033,8.292993693782464,0.7758858133474185,16364.07156663471,0.9353819444444444,0.3544268569798157,1.0002788505918039,1.85302734375,1.2078178438885407,1.8622736726342852,0.8656624543755005,1.0841115314490473,1.037788051235688,1.0778187712157608,1.1988368514658072,0.027777777777777776,0.23189684676962355,32.72010737167478,28.803349864037507,565.2828361193338,0.30000691731770834,0.015674062582542128,0.3004160892434287,0.125732421875,0.8021114614097158,1.2880897677602146,0.29603036220442513,0.30296113986208556,0.3022086239926483,0.3026334926732396,1.0208703652632656,6.111111111111111,0.009808391744897076,0.10769876821123411,0.03672058133225034,1.1055715951654645,0.19740912543402778,0.037221922001410813,0.20088761604963812,0.23681640625,0.40954386771423845,1.6102850662783936,0.17377853078977887,0.21345959264671824,0.21284625293850834,0.21318766039168766,1.2248132837306007,0.027777777777777776,0.027165966727156866,0.21572270402228233,0.5786744321158515,6.234645166744789,0.2168545871310764,0.038120081740014515,0.22017959167837284,0.235595703125,0.5979708187999639,1.5135460584003513,0.20293581509387554,0.2343765955446823,0.2220851732737549,0.2317948339479776,1.094361649130397,0.027777777777777776,0.026220404489857487,0.12419323197769117,0.3923156038795093,6.5391348709662775
10,2,5,Cast Iron,1,1.5,0.25,0.25,-0.15512858072916666,1.8093083750812302,1.8159464949987174,7.919921875,-1.0887240326338945,2.1403266895276807,1.2296695144029546,2.028120450963511,2.0658231627673143,2.0208423683777283,1.6799824168775461,12.694444444444443,1.3673457764457402,14425.74045267211,6.071927996212322,14731.221164597402,6.759198676215278,2.3299420232931096,7.1495032398382445,7.314453125,0.8339715332988153,1.2102020881377706,4.751481030280155,7.992635679186146,8.178471290410032,7.973428156639993,1.7212467519685783,0.027777777777777776,2.3508375928955294,11.383393262654263,0.9588792770357506,24428.83480492698,0.7931201171875,0.31102165710975865,0.8519237005030521,1.34033203125,1.095316282850204,1.616286909481358,0.6784552061727346,0.9422236712393874,0.9106234463320857,0.9375325572400598,1.3422012802717607,0.027777777777777776,0.25360080400207036,5.045303429737517,21.32742420452326,435.30542173385606,0.290113525390625,0.018757964628111926,0.2907193128286566,0.626220703125,205.29795619747125,3.0274113699619503,0.28828220987547815,0.2917594347743684,0.2921009350278612,0.29136094822706654,1.0132464821677083,6.111111111111111,0.012013562120861066,0.1905611691912366,0.0828341938172849,1.5833820104598997,0.2153744845920139,0.048825274430131155,0.220839480248558,0.2911376953125,0.20402521158278786,1.7273620012741848,0.18555996530769012,0.2329667268584613,0.2400088155906438,0.23503478959447133,1.2934299442914219,0.027777777777777776,0.0330308766184512,0.46039905988371455,1.247214956180257,10.727586883306504,0.22563707139756944,0.04354808000374946,0.22980105147906704,0.296630859375,0.5097356856650599,1.7263999144979485,0.20073051337285436,0.24984791992752184,0.23602721811607963,0.2467117643605506,1.175841251786479,0.027777777777777776,0.03604135276238335,0.3135467457515855,0.34197814236055935,8.533995664368073
10,2,6,Cast Iron,1,1.5,0.25,0.36,-0.1583572048611111,1.9683058679016134,1.974665792975446,8.486328125,-1.1088154861236286,2.0251646895013216,1.342942416569261,2.1990904567918794,2.2490935530715563,2.1933477962252814,1.6747505517155297,12.916666666666666,1.4936463413522187,17102.605555504735,6.6901500508671425,17434.027118666963,7.374219292534722,2.5155919644099316,7.791489787312508,8.056640625,1.0163038074577768,1.2069959830164638,5.220056205120507,8.697511064281702,8.900913089086178,8.673023438985762,1.7051374045273708,0.027777777777777776,2.5222720439901947,12.002928967206799,1.0812581267174322,28476.913853391015,0.7738671875,0.30928198534212026,0.8333821274459416,1.36474609375,0.6934016685538547,1.690330713675374,0.6139032971252951,0.8989425113356794,0.9479464194410804,0.9005404419287396,1.544129871724094,0.027777777777777776,0.22611474527012015,29.785538625168208,22.308191349377097,430.44915633334057,0.28564805772569446,0.027975900840779125,0.2870147451095758,1.1572265625,505.3416476948323,4.895320957599552,0.2867286311429643,0.2856217951841741,0.28868542382599777,0.2864460908990259,1.0068245458266,6.083333333333333,0.009257394022574706,0.27951095253095204,0.26160602974925384,3.5219297856092444,0.24177537706163194,0.057240258934907993,0.2484588098583538,0.3594970703125,0.555525193570074,1.8104775669614905,0.21057647403838717,0.26018164647256253,0.2704780952481657,0.26351375727326654,1.284464926499143,0.027777777777777776,0.037734735659061366,0.4174434601088793,1.7431398019660866,14.744106577336787,0.28133585611979167,0.06632881895949633,0.28904908953881475,0.3857421875,0.6798683060351038,1.682932805941869,0.24689922113347232,0.3022188027447296,0.3136123377051359,0.3049211661232584,1.270203835659728,0.05555555555555555,0.044746720150792035,0.5159820795970362,2.1196957102583456,19.797843854957158
10,2,7,Cast Iron,1,1.5,0.25,0.43,-0.15519097222222222,2.1766213364192306,2.1821468053306394,9.0625,-1.1356028485392393,1.9512035072978764,1.5174379183342346,2.4280823208377287,2.467203365610724,2.4188791482044247,1.6259006947177734,13.138888888888888,1.8580654790656876,20932.779855593297,7.621127578602813,21319.56453415022,8.16030490451389,2.713012399662537,8.59947745013359,8.6669921875,1.4171786153247057,1.1622935516093167,5.909515890764818,9.605238697988742,9.729853479756308,9.555334751916531,1.6464721746432356,0.027777777777777776,2.681551152540418,15.112074447201268,1.402559140564294,33121.96408155231,0.62559814453125,0.22850937181776362,0.6660252033140276,1.09130859375,1.360092323113074,1.700855304518986,0.549531153770267,0.7442645286006496,0.6890968994642532,0.7248841398662476,1.2539723994471332,0.027777777777777776,0.1693352351606068,12.125680363876796,11.107995073016653,234.97445339096922,0.2811284722222222,0.023531195238112944,0.2821115648876078,0.76416015625,266.91737900265446,3.5784477136808963,0.2825639303275683,0.2809601438065074,0.2828070508316026,0.2813566117084521,1.0008604088418238,6.083333333333333,0.014610231968752876,0.24231874652088078,0.18978459623306748,2.4917293985684714,0.25896870930989585,0.06284307300918908,0.2664846041085143,0.357666015625,0.8029770553528217,1.6719789201914508,0.22906505416323886,0.28140521314247446,0.2852760762104768,0.2830417074384051,1.245393267220849,0.027777777777777776,0.04121665357026134,0.4101050165392155,2.6037141730278317,17.771644212305546,0.27547166612413193,0.05961324688174615,0.28184814713066547,0.335693359375,1.0376058547540268,1.5331976124351245,0.24433548081332715,0.30965692930935923,0.28762456965528255,0.3037592241717469,1.1771707027479499,0.027777777777777776,0.049651452133144654,0.5364203300964302,1.0421017182751258,15.991845450798673
10,2,8,Cast Iron,1,1.5,0.25,0.47,-0.15839029947916666,2.3498342972896245,2.355166387261784,9.794921875,-1.1087160693976892,2.0255502279167605,1.575815392904302,2.64056830561644,2.6804162001306726,2.6220588792377595,1.7009709463432385,13.333333333333332,2.1241643740269516,24413.96496341225,8.174290594029678,24847.749174361757,8.41687717013889,2.868035133349453,8.892100248160276,8.662109375,1.3420768690869576,1.124044591104102,6.134105172605886,9.983923407636295,9.9951171875,9.919857037883085,1.6294336184741158,0.027777777777777776,2.8262047703471675,15.899090808543995,1.517194866023095,37015.31595001221,0.7324818250868056,0.2719809007695565,0.7813470640284744,1.22314453125,1.4116024794668052,1.618548908317025,0.5965397564039716,0.8319602697240398,0.8851509091832556,0.8398414193054505,1.4838087481697346,0.027777777777777776,0.20163873668796153,3.1335654362606444,18.344903447411156,332.8814103762308,0.28025010850694443,0.020000894086479856,0.2809629140694777,0.760498046875,268.84381734421237,3.584387930557856,0.2808962840595084,0.28060736794788327,0.2813845409793498,0.28087799424382215,1.0017382106761439,6.055555555555555,0.008822181606900245,0.14747092070169543,0.12084027090341264,1.800209007329411,0.27559251573350696,0.07460147031175746,0.28551114531835586,0.4180908203125,0.5234668576063801,1.7743328244161212,0.24687246862554277,0.2966701834192053,0.3091773420025203,0.29984944484763304,1.252376758428587,0.027777777777777776,0.04244764010621825,0.9797920426565356,3.3429391122104275,25.044342493017517,0.32878255208333335,0.0893771450375156,0.3407143093700159,0.599365234375,0.6778738778960514,2.0511393852365205,0.2955661011076716,0.3536170327529168,0.3685843130838491,0.3601376335272691,1.247045285986899,0.05555555555555555,0.05892154843833604,1.6156985556001688,3.7329104138940554,35.94738056692813
10,2,9,Cast Iron,1,1.5,0.25,0.53,-0.11967176649305555,2.4925380402097623,2.4954092276795588,10.46875,-1.1129972607426553,2.068251072910897,1.6502555764827467,2.788754356594037,2.8601935793981235,2.7735267053146773,1.7331821932055909,13.5,2.026880568683859,27471.088722029308,9.368950983543456,27957.363025856022,8.516700303819444,2.789802234959784,8.96198530322745,8.6572265625,1.7980763805215387,1.115279354888084,6.418429984113958,9.992643827984837,9.9951171875,9.942780954219979,1.557252663383192,0.027777777777777776,2.6702317819443384,15.749532462888189,1.5154056824001056,35023.48530762991,0.5251622178819444,0.18563327500105253,0.5570054469018227,0.947265625,1.4398783888360427,1.775152355779888,0.41651617511360384,0.6036906230416699,0.6267671905541898,0.6049410768851082,1.504784755077616,0.027777777777777776,0.13858793432920827,5.319077316316806,7.320256624623262,155.06872506141661,0.2778091091579861,0.027424510270551528,0.27915946141002174,1.116943359375,519.25366441027,4.866904998535812,0.27829884050317105,0.2789814900085555,0.2801947506492531,0.2786726483547387,1.006812497467306,6.055555555555555,0.01268291867652213,0.3352117533478549,0.24182175088097324,3.3844980438550314,0.30649020724826387,0.0833584190862785,0.3176237918853803,0.458984375,0.7763465870640185,1.7294561058833706,0.26876496769565406,0.3343345444187421,0.34444219262861564,0.3352772424289302,1.2815739922572702,0.027777777777777776,0.050259131906420125,0.9413366003783799,4.265397877847126,31.26895791416367,0.3245853000217014,0.1018882976924767,0.3402011790056711,0.760498046875,2.3167674964111855,2.544019741949726,0.37856460224242,0.3234317162437351,0.3151052101238828,0.3200249628113036,0.8323683943436954,0.08333333333333333,0.056033501724590776,1.9481339708731396,3.3260710053715825,46.715640616416934
10,2,10,Cast Iron,1,1.5,0.25,0.7,-0.15334364149305554,2.4231247105990925,2.427971918186511,10.5908203125,-0.7643298544617787,2.1176528130277306,0.869529791296929,2.729752143395766,3.078557143237753,2.754183316625302,3.540484954110653,13.694444444444443,1.7135084628896875,26077.82990621322,27.59260453515545,26421.90337813695,7.4029747178819445,3.6642299346207854,8.260182545644515,8.69140625,-0.9934914533641104,1.2100358717580997,3.325027665044665,9.68161507688364,9.9951171875,9.529503976706282,3.0060252708801856,0.027777777777777776,4.30808665665026,15.271141332482138,1.531124719826368,60419.61565160752,0.4483531358506944,0.22867718007880344,0.5033028781121213,0.8447265625,-0.8956029094991225,1.780232406202132,0.24448420647940633,0.5730510663843758,0.6097387222784026,0.5717533722241378,2.493980004102076,0.027777777777777776,0.23793776545474354,2.316164193732739,5.884745117665756,235.32002692222596,0.29376953125,0.035472201246193824,0.29590338719267,1.58935546875,731.5670087239406,6.192140644310909,0.3109584424300098,0.28729904985288446,0.28886077388842135,0.2870966818981499,0.9289369075529693,0.027777777777777776,0.011224602433069207,0.6066871184170415,0.5554675076802952,5.662248638272286,0.2932351345486111,0.10740583196854972,0.31228649806643644,0.5230712890625,-0.8391177840763202,1.9740049023632593,0.2018669588989316,0.3536874243021141,0.35598245380808946,0.3530783352358937,1.7634508180524906,0.027777777777777776,0.10214242662966205,0.7792766402554744,3.6527794742343676,51.91206909989316,0.3992398410373264,0.21082679418905031,0.4514868633964247,1.1383056640625,1.430406421436154,2.767277964720056,0.3852610809405881,0.5596711975991416,0.38712170379488886,0.5236558094545257,1.0048295115866834,0.05555555555555555,0.17074193218065326,3.00494546680131,9.784194345296699,200.01586042758493
11,2,1,Cast Iron,1,0.75,0.25,0.0,-0.17570529513888888,0.84203879659721,0.8601753807885469,3.7158203125,-1.154329120283157,1.9016379961961585,0.6408687903024837,0.942681202928388,0.9593458189859816,0.9401371524057313,1.4969457609773444,12.083333333333332,0.8382486509372155,3097.90392706831,2.122825124447073,3190.6320669174197,3.239052191840278,0.8240353770350085,3.3422288078571962,2.646484375,0.7076628692422782,1.1833654583139448,2.426270369782088,3.680656021634336,3.751994610248794,3.671201365911496,1.5464041670614697,0.027777777777777776,0.850648192990587,2.2339140831837585,0.11263785078591707,3055.65445195304,0.8906309678819444,0.4409374367447976,0.9938054860350699,1.69921875,-0.8543420421961261,1.7687691652951587,0.764044630521687,1.1106415248364936,1.0703547253597996,1.1061024858431796,1.4009060238129873,0.027777777777777776,0.30336836996574085,56.24745674755619,36.93222381910321,874.9162326759764,0.30501844618055557,0.016161300515439375,0.3054462966623606,0.12451171875,0.10319160424600105,1.2628805512295938,0.2976951405173866,0.3098042804319492,0.3086927786207964,0.30938870274416824,1.0369426188291022,0.027777777777777776,0.007441184045504097,0.053753039240025266,0.04175646828883342,1.1753447151846357,0.13734361436631945,0.017275957474245554,0.13842589033073333,0.130615234375,-0.03218243188331993,1.5829135027701664,0.1279699854195331,0.1432994069194744,0.1434368995405994,0.14302036729400047,1.120863607746457,0.027777777777777776,0.009248228950221189,0.19687781112694058,0.03797662306975677,1.343069353948037,0.17342380099826388,0.024857269338580214,0.17519617173801533,0.181884765625,-0.23380568671508817,1.6304267862493413,0.1629829252721825,0.17861608340020801,0.1833410935809552,0.17981293736637666,1.1249098227607244,27.388888888888886,0.011247209075264598,0.3052411195019024,0.06373010095960968,2.7804889169004228
11,2,2,Cast Iron,1,0.75,0.25,0.04,-0.17761610243055556,0.8434299837291684,0.861929009429435,3.642578125,-1.1614976392229495,1.9147639851366616,0.6523993127729989,0.9370634970142223,0.9617962316129213,0.9370053982981205,1.4742447037916737,12.083333333333332,0.8582237204425484,3106.6577962571023,2.2687569410493076,3201.183685000738,3.2457541232638887,0.8133252021674646,3.3461048568694443,2.6611328125,0.9307042829767598,1.1819946756540978,2.473124231906039,3.656249603314935,3.7556289102245435,3.6579696621510167,1.5185767305066098,0.027777777777777776,0.8119121574756948,2.291700492267874,0.11889746509298058,2976.740579605103,0.7857964409722222,0.3790169248638152,0.8724275763510884,1.5087890625,-0.8023916010867511,1.785382798208539,0.6689735544002223,0.9699288609560763,0.946098312085527,0.9652331696104878,1.4142536814235724,0.027777777777777776,0.25477985212344323,57.92145416442086,21.834125501844483,646.443029610316,0.30154500325520833,0.014391688177234055,0.3018882403751003,0.10986328125,0.25857924942442656,1.2171114720085192,0.2953857394970228,0.3051252790244271,0.30504976320657173,0.30488822438570523,1.0327166224273543,6.166666666666666,0.008212383299017679,0.04206951212344884,0.032387454643086545,0.9320564104451073,0.14016303168402777,0.01665383340672882,0.14114894834180258,0.11474609375,-0.12167565561438343,1.4658924640830775,0.1314112451437794,0.14560591699542738,0.14594203794545554,0.14545219510545743,1.1105749571566554,0.027777777777777776,0.008846557853564191,0.1840674747370944,0.037042556795865794,1.2480757574240366,0.18543043348524305,0.035114788658160055,0.1887259760738632,0.272216796875,0.39765259826077504,2.0115867448284797,0.16467073032454144,0.19194172674361507,0.20710964787802316,0.19486995112465155,1.2577198599279966,0.027777777777777776,0.018648755679831944,0.6454320248911266,0.1274192559161259,5.548746979733309
11,2,3,Cast Iron,1,0.75,0.25,0.07,-0.1788916015625,0.8998617146638761,0.9174711497520821,3.9453125,-1.1633859790060899,1.9638304844646817,0.6998150092870322,0.99578501984514,1.0217294548513454,0.996333510322168,1.459999344530032,12.11111111111111,0.9097557415678589,3529.2906217572504,2.6793816172913254,3643.8799755308355,3.4636322699652777,0.8642465580004483,3.569827813012897,2.87109375,1.1379179936932022,1.1804118876936927,2.6618468735692677,3.900549052380843,3.991403281469032,3.8992920104542903,1.4994864359409839,0.027777777777777776,0.851475558249676,2.961150957631417,0.1387251932789884,3361.1495829688192,0.8183219401041667,0.38276838457914697,0.9034170874458691,1.56005859375,-0.5901706582878705,1.7889975294460434,0.7173306202529927,0.965887766643486,1.0004923313866263,0.9812090767994976,1.3947436553506756,0.05555555555555555,0.23261320207761083,63.21830745987953,36.79735911287827,659.3024160318904,0.2900816514756944,0.013432482224215617,0.2903924863035718,0.115966796875,0.5023103636185766,1.2232568889666577,0.28593293240204737,0.2924186390697642,0.2927748042391346,0.29239766268582024,1.0239282400233176,6.166666666666666,0.010648634306802626,0.03921780291922189,0.027778189374422252,0.8119427452484766,0.13049329969618056,0.017992953800950184,0.13172793041750988,0.186767578125,0.4743070112017791,1.5985318253698906,0.1213015685542141,0.1363402062521745,0.136945319677756,0.13639815562113297,1.1289657776894297,0.027777777777777776,0.009710216265402319,0.3282653039364293,0.0399598685845569,1.4570545606315137,0.1700277370876736,0.029143412900423837,0.17250730388780544,0.172119140625,-0.4040971038571257,1.5532347320885873,0.1588981135087915,0.17549418887195084,0.18228957424779457,0.17741443447937635,1.1472104370685867,0.05555555555555555,0.014887357604882927,0.7190007762983976,0.08942528800738737,3.822197733819485
11,2,4,Cast Iron,1,0.75,0.25,0.07,-0.17850423177083333,0.9808389979628079,0.996949798477727,4.375,-1.158213575568083,1.959100651790377,0.7576895597696778,1.0862303707103667,1.1080328581846266,1.082951852437952,1.462383695139532,12.166666666666666,0.912024025333874,4188.097584170557,2.9473323422520217,4329.2031301392435,3.7725282118055556,0.9691655563086213,3.8950290094431677,3.2470703125,1.4096993718079363,1.1783849976142187,2.9046604225684605,4.247981483160792,4.362494023090338,4.244114127289255,1.5018946756030027,0.027777777777777776,0.929132852024064,3.497304733298107,0.17070829887301442,4226.7685705026,0.7907796223958333,0.3250528515732952,0.8549805655758659,1.34521484375,0.1772869471966274,1.6362076959115015,0.7019575005311619,0.9177651719335863,0.9262494583917665,0.9255913744942045,1.3195235576098068,0.027777777777777776,0.2106009431262158,19.58378473211674,24.041857005004907,475.46716929011876,0.28844373914930554,0.012483938633185867,0.28871376721283964,0.1025390625,0.44027378646877846,1.2092291168527065,0.28440336183797854,0.2895708674325141,0.2921136057158696,0.2898144154471978,1.0271102416935687,6.166666666666666,0.009390843103754348,0.058058088420551185,0.025969452301218596,0.7013272126515706,0.13341905381944444,0.017328872107741207,0.13453971060843808,0.1239013671875,0.04398605727434246,1.5197577913080196,0.1245672772686597,0.13775782192096567,0.14074294698233075,0.1386960430307595,1.1298548870004141,0.027777777777777776,0.009216044530132831,0.25803446418713394,0.05363607734358225,1.3513728427390257,0.18201972113715278,0.03483539323619049,0.18532318663558234,0.233154296875,-0.1031683596186026,1.7488188368183009,0.17290527888414342,0.19518467884923932,0.1871917631489606,0.19374072029594686,1.0826260734028252,0.027777777777777776,0.018864075846940297,0.8641486324359171,0.13359645897075503,5.460777150591215
11,2,5,Cast Iron,1,0.75,0.25,0.08,-0.17848741319444444,0.979744024759692,0.9958695249485067,4.1845703125,-1.1711791744098474,1.94161353627121,0.7617126047261459,1.0799560661857774,1.1084931822403528,1.0805161140966713,1.455264328517818,12.166666666666666,0.9389715807469897,4186.28686087365,3.201400334183068,4319.542757352192,3.770912543402778,0.9511438590815108,3.8890173631215474,3.271484375,1.434422552820398,1.1839731627745091,2.9135508574767135,4.229129536783624,4.358790303970089,4.238023521357167,1.4960405763244606,0.027777777777777776,0.920282009687442,3.8498416637756954,0.21621671765400363,4071.0359593020544,1.198808322482639,0.494252673491747,1.2966985383300846,2.2705078125,0.2560931083908091,1.752874050183747,0.98358016243322,1.379887791485363,1.4740288480554316,1.3777208890544201,1.4986362112152811,0.027777777777777776,0.3059975262945014,53.077035804258315,77.8827934604993,1099.2863441705706,0.307197265625,0.01478209924890512,0.30755271168643805,0.15625,0.9362308928279242,1.2502620518821326,0.30159865032532995,0.311058778928728,0.3099140228682012,0.31077912816569486,1.0275709872504455,6.166666666666666,0.011725963714877578,0.052362697479775934,0.03329824738238338,0.9832971466912164,0.1308770751953125,0.017226979438530188,0.13200597574449052,0.1141357421875,-0.014688913691446537,1.4888205023794359,0.12039817364738263,0.13502428460763596,0.13981936648882334,0.13618375271171132,1.1613080352723681,0.027777777777777776,0.009919360990794861,0.2472121510363288,0.05514011006469841,1.3354600263966454,0.22572279188368055,0.060626581128642575,0.23372282968317676,0.3887939453125,-0.14754357369508098,2.068255112927014,0.19339892820921276,0.2357366814084897,0.2662783411232948,0.24447794049793517,1.3768346266906062,0.027777777777777776,0.03533377722322649,2.1438535644088454,0.7393176726157131,16.540121043721836
11,2,6,Cast Iron,1,0.75,0.25,0.09,-0.16925564236111112,1.0353606339332964,1.0491039580374433,4.47265625,-1.123970896518462,1.8477449709810496,0.7685656897772414,1.1546648862118756,1.1738454435555128,1.1522783308694917,1.5273196021744562,12.166666666666666,0.9600565789229399,4677.7121253544765,3.2038662897860983,4823.872390476861,3.9604264322916665,1.0974080728899316,4.109657163808009,3.49609375,0.9031079497860524,1.1821906898428984,2.950508306644488,4.533866626679289,4.62670510795978,4.523083934505274,1.568104416971316,0.027777777777777776,1.0986195293153886,3.908389458085722,0.20407663666506975,5419.370275407367,1.02156005859375,0.4575182625963663,1.1193336919450176,1.962890625,-0.10839536987031684,1.7732542989937068,0.7813794092446434,1.181726958848949,1.3235147733621628,1.200564515925112,1.693818339341191,0.027777777777777776,0.32169941825122605,34.82664000712773,47.09530443073614,941.9535145097308,0.29071940104166666,0.012202264260189322,0.29097536905226346,0.1025390625,0.3075695083191037,1.1956351898724182,0.2870068944608001,0.2918163020736739,0.29405830129638605,0.2919318947691891,1.0245687715928686,6.166666666666666,0.006727405797849929,0.03961909731029583,0.02455678465271241,0.6700475537114672,0.1333205837673611,0.018949695318584654,0.13466056961388934,0.1300048828125,-0.08565425655460723,1.5501214273303492,0.12043192548855225,0.13830531345557553,0.14411175739434384,0.1398793540149947,1.1966242074909157,0.027777777777777776,0.012224817444802706,0.24693467980139663,0.06559511681389263,1.615914015720288,0.21582668728298612,0.05592363681026414,0.22295428252813224,0.3564453125,0.08704935001128877,2.020322049961807,0.19311856838841523,0.22161653910415294,0.2504339522349337,0.23111074352910183,1.2967885704871283,0.05555555555555555,0.033994206366920014,1.6423643538222898,0.6352600832871891,14.073637910601166
11,2,8,Cast Iron,1,0.75,0.25,0.12,-0.17499837239583332,1.1538232116034401,1.1670186090958736,4.7216796875,-1.1678278229295935,1.8702505431262513,0.8587889412717985,1.2612837097532628,1.3256855810442056,1.2692764712043978,1.5436686679744271,12.222222222222221,1.1858653067119274,5850.554619436337,3.5855852547037577,5990.886378659139,4.415837673611111,1.2021386758528367,4.576544521324402,4.130859375,1.3566516155593558,1.199219460103002,3.3125775825963855,4.957801376251748,5.223151782200989,4.992212894476594,1.5767636083883363,0.027777777777777776,1.1643921495480956,3.4966172222861625,0.2751915692114323,6503.118447902469,0.7276193576388889,0.26324995311418964,0.7737767555473946,1.35009765625,1.3019106662996522,1.7763672905599577,0.6353519834104063,0.841016431525482,0.8277744990980116,0.8403587054242209,1.3028597072361852,0.027777777777777776,0.18696581778773536,9.325686305237902,14.49453128334059,311.8528734591273,0.29449842664930553,0.015392649673326007,0.294900418722799,0.487060546875,87.27024291670415,2.446370032296008,0.2978433451535206,0.2924623724721062,0.29437029966420564,0.29430915543605507,0.9883393550810248,6.166666666666666,0.006700409466970086,0.09537138505204562,0.03988693121737004,1.0662215269274182,0.14827012803819445,0.02283614818803699,0.15001840064648256,0.1458740234375,0.19188880733041414,1.5012806801828857,0.13412885281349113,0.15440466491849655,0.16026606594014,0.1560326764813002,1.1948664480340647,0.027777777777777776,0.013981369292737408,0.2562575722085466,0.1267196842690486,2.346724433451891,0.2029932318793403,0.03767730968623778,0.20646024279267977,0.2410888671875,0.4815529890970054,1.6170779428112607,0.19219128325855706,0.2121591439937775,0.21430936475407114,0.21380114785538404,1.1150836870460894,0.05555555555555555,0.02293089922750252,0.314967966973408,0.23496336747630464,6.388120165963966
11,2,9,Cast Iron,1,0.75,0.25,0.16,-0.16862630208333335,1.099073487989348,1.111934063582626,4.39453125,-1.2081127784850343,1.7960330364063901,0.8716750276819791,1.214955322113975,1.2137785204264662,1.2079132926308673,1.3924667816333265,12.194444444444445,1.2569321150721446,5301.209852558873,3.6826144913203804,5435.831446986726,4.229730902777778,1.0578674934311605,4.360012287089527,3.69140625,2.2837833741704863,1.1523852988620789,3.3731898209956594,4.779992115547615,4.775184523926675,4.751474296255434,1.4156287601144222,0.027777777777777776,0.9882079397217973,3.174244678474237,0.25613691766811447,5035.876603253683,0.8124134657118055,0.2781358920251981,0.8587055454010529,1.33544921875,1.6988064183070968,1.5893062541160183,0.7684891940643417,0.9013031997093262,0.8995568586296413,0.8991443308270717,1.170552384571755,0.027777777777777776,0.14602147962100773,34.60157177478506,22.270813497413855,348.11808522542316,0.3090989854600694,0.022976701531772285,0.3099517891958754,0.838623046875,371.8923118271863,3.465760764881866,0.3039757844339678,0.3118046789515708,0.3139855084853995,0.31209979466331006,1.0329293468888345,6.166666666666666,0.008668135795184414,0.33462775772249936,0.11247826130609852,2.3756966478294794,0.14499321831597223,0.020975100322944258,0.14650251940216166,0.1470947265625,0.2882682766541338,1.5373095799414414,0.13305933211751234,0.1524349823860211,0.1531265974772419,0.15255928442792202,1.1508144151964252,0.027777777777777776,0.012660620454330694,0.21283213703734863,0.11687017165044991,1.9797991434733069,0.1864950900607639,0.029527561417557333,0.18881815458276266,0.20263671875,0.6358710290993601,1.5677544803179848,0.17836719069453671,0.1921841484775202,0.19546683825608224,0.19411051725880415,1.0958676732809542,0.05555555555555555,0.01812981506608052,0.22917501773981316,0.2225829799151917,3.9234548809627694
11,2,10,Cast Iron,1,0.75,0.25,0.18,-0.17093424479166666,1.1464525289664138,1.159125496750021,4.6435546875,-1.2074951835985042,1.8029486503916488,0.900609120236242,1.2667919916762056,1.2707702443873494,1.260997913525252,1.4110119649399167,12.222222222222221,1.2183221647011409,5780.996576990303,3.738414982347004,5914.592155838013,4.402415907118056,1.1316765847173613,4.545542620154786,3.876953125,2.2411580360162224,1.1493917913857532,3.482610871183391,4.982873444509953,5.002825890518649,4.962400337871194,1.4365159001581733,0.027777777777777776,1.0644677361291732,3.5760064634232127,0.2881576085638195,5763.113657421535,0.7631076388888889,0.26290824581542377,0.8071270124635392,1.26953125,1.8345875965418719,1.6091991780025732,0.7088075695843501,0.8495234280080497,0.8545547479888771,0.8489298001664547,1.205623055761092,0.027777777777777776,0.15016003169628386,22.30686138783447,18.355105748310905,311.0434956351917,0.2800447591145833,0.0200927938567035,0.2807646478325093,0.80810546875,526.6119665836621,3.717352522592595,0.28601833218923417,0.2783546212449145,0.27784632605242066,0.278132142285996,0.9714283833687738,6.138888888888888,0.00710008556332415,0.23922280313124544,0.09251511344525218,1.8167424052953716,0.1477984619140625,0.02245092889437561,0.14949391142244856,0.1495361328125,0.2716529354642061,1.5228789630713586,0.1339678745841808,0.1565819088008821,0.15678011057789862,0.15610855566914547,1.1702813907029883,0.027777777777777776,0.014638168505635598,0.2261892794566229,0.15015859851916302,2.2682545332445043,0.18175896538628472,0.026839871482901484,0.18372996543708192,0.1873779296875,0.8615609837308793,1.5015455186839097,0.17319418648227522,0.18886869351701463,0.18868622360006262,0.18938019046657642,1.0894489441732669,0.05555555555555555,0.01607811967085092,0.2137974675092159,0.12422697729288645,3.2417043502132095
11,2,11,Cast Iron,1,0.75,0.25,0.2,-0.17384385850694445,1.1648683131126347,1.1777690240596659,4.8388671875,-1.2463494492734872,1.9112207202912184,0.9497042948627031,1.2746922557904505,1.2785308081741955,1.2712906378418185,1.346240945829386,12.222222222222221,1.3237324242587512,5979.81037418647,3.670545385968872,6106.131841320459,4.497059461805556,1.0462565098540055,4.617163251112825,3.8916015625,3.160818604437438,1.134735231906136,3.68049581279291,5.015181352873999,5.025584148343261,5.000724177369336,1.3654638950749527,0.027777777777777776,0.9448699638859099,2.7341133676426383,0.25655839204734865,4925.9372439702365,0.7370798068576389,0.26079625584205807,0.7818576141079209,1.279296875,0.8391092536181053,1.6830660020513173,0.7073543997366579,0.8268587964700818,0.8061378728783505,0.8207588311253895,1.1396520233400242,27.36111111111111,0.12670794987261658,37.28610479312448,16.511643975991305,306.06610736846926,0.2884041341145833,0.03293816173475053,0.29027894700244306,1.26220703125,406.5409099354441,5.18931073646661,0.29825699525257476,0.28935699496819967,0.28302101594125534,0.28799054134254304,0.9489166069737374,6.138888888888888,0.00721249809427619,0.8006406141445372,0.2677855123578132,4.882166980041398,0.1578548855251736,0.024105701002964525,0.15968484494469096,0.1690673828125,0.5083507800830467,1.5671126506192588,0.14246321014329277,0.16727044344617578,0.1679957785779681,0.16717534867808378,1.1792221894269692,0.027777777777777776,0.015648599332153842,0.17785977414935183,0.19175169479458756,2.614904904034403,0.20773369683159723,0.043646488225036806,0.21226941544579667,0.33935546875,1.2050089239150354,2.0127538998151056,0.22525881048228913,0.220640324066258,0.18907995636011093,0.21499070984707458,0.8393898376506665,0.027777777777777776,0.03233623551720525,0.726829939514597,0.22597731747188526,8.572577965259553
11,2,12,Cast Iron,1,0.75,0.25,0.23,-0.16211697048611112,1.1710763319115418,1.182244343307671,5.0146484375,-1.1833182592009903,1.9535473572563755,0.8947791809584624,1.29891634916334,1.3058681392270972,1.293131708668877,1.4594306249149513,12.194444444444445,1.2272483133841112,6037.439604940864,17.310153017877155,6171.389391830231,4.505002170138889,1.2281865178914022,4.66942037898563,4.1455078125,1.7214645734759273,1.1732753062148016,3.4825714917865005,5.1522535931746845,5.170729034021549,5.124395210122971,1.4847445475897616,0.027777777777777776,1.1801564826061846,3.271789327613266,0.29341031990530864,6787.989751688641,0.9685446506076388,0.3818465422136416,1.0410982288051343,1.8896484375,0.3591833500172692,1.8736787171262355,0.9088201908147923,1.0791654873378795,1.1229889927197525,1.0888852619672456,1.2356558580778776,0.05555555555555555,0.21617613759177376,23.32306137013443,33.300590240929814,656.1307108799617,0.30902411566840277,0.06754828824170075,0.31632052622146145,2.00439453125,208.6561033978795,7.108407358540374,0.34572418852751846,0.3018252983471056,0.29925290419933503,0.3013514091232796,0.8655827799434275,0.027777777777777776,0.017544160412091395,3.9798881959974075,1.1205183994267154,20.532499124606446,0.16007453070746527,0.027391178886327715,0.16240114550703777,0.1763916015625,0.2969066417658368,1.5672093984797069,0.14103378996085786,0.17021247889848778,0.17395280481355463,0.17100663057342574,1.2334122543387158,0.027777777777777776,0.018953801563447045,0.24395668562706632,0.24928341361515127,3.376263623932998,0.20983995225694443,0.04240135844375328,0.2140810144806689,0.2825927734375,0.3935823515274248,1.7277246549501886,0.18705323059861914,0.21987500891225528,0.23271895423809508,0.22318543791666248,1.244132237082106,0.05555555555555555,0.026128242404260316,0.6894639674410213,0.6227370214516239,8.090447625517845
11,2,13,Cast Iron,1,0.75,0.25,0.26,-0.1697612847222222,1.3338517923120607,1.3446112812425144,5.673828125,-1.2231433122932913,2.0390273806244426,1.0601026706560681,1.4593248901912952,1.4732588657360748,1.4560191978463561,1.3897322462401833,12.25,1.4243998360923533,7841.016739762515,13.379825121633743,8006.22694238027,5.148058810763889,1.291539565638099,5.3075968167045575,4.7900390625,2.9283789208226905,1.156398182541462,4.134476086607832,5.783898551412219,5.827896442312328,5.767249384785488,1.4095852340734851,0.027777777777777776,1.1754221488200693,4.505657558750451,0.41977018531275145,7506.3352568891305,0.59539794921875,0.19645672854977958,0.626972060084319,1.1767578125,1.0307520110685946,1.9742394399258143,0.5634799298252486,0.6317094867941426,0.6802318614689692,0.6436294322391887,1.2071980304248435,27.277777777777775,0.11987225594569645,4.36924251297874,11.013873807974194,173.67931081983778,0.2851205783420139,0.03821072237122279,0.2876696082282853,1.162109375,354.17874003471985,4.858716521127342,0.3003588827928513,0.2811363741265824,0.28108413538482385,0.28095658785904687,0.9358276098618976,0.027777777777777776,0.008231160602337651,0.12711474744117124,0.5733378895204972,6.570268040895462,0.16052205403645833,0.028952480266094826,0.1631121575654073,0.2294921875,0.7923237864488892,1.601538920513927,0.1410419345345576,0.16963085707101086,0.17649156599971183,0.17083538701598552,1.2513410751358383,0.027777777777777776,0.018342994643916217,0.22559701606207594,0.3016214013855174,3.772147382878595,0.2209228515625,0.042830261195440776,0.22503630288594792,0.33935546875,1.683697503667096,1.9229753255936637,0.23039073377942793,0.22846590544560752,0.21598021364750927,0.22675532504745502,0.9374518241444769,0.027777777777777776,0.02428253636183618,0.5010921519467367,0.41562506122829496,8.254951581690047
11,2,15,Cast Iron,1,0.75,0.25,0.31,-0.1707467990451389,1.3012742802726829,1.3124287492596884,5.49072265625,-1.1879721852031846,1.936489053355167,0.9975429081193194,1.4358327865470395,1.4528248418813137,1.4291456965677263,1.4564033587490919,12.25,1.3547087975651393,7445.165010012306,3.992237888712683,7619.916686987875,4.992521701388889,1.335772031572322,5.168129241724693,4.7705078125,2.1821432203764006,1.1809912909536977,3.8852958561555537,5.657560976385071,5.746752081492192,5.644869056598685,1.4791028262075578,0.027777777777777776,1.2505922383048418,4.518863115707414,0.42543910050195194,8029.291431596546,0.5122037760416667,0.185787335449343,0.544857451270246,1.1083984375,0.3367995940739572,2.119426197728979,0.4986885395280651,0.57362073349393,0.5593549152938382,0.5715209323457138,1.1216518346765796,27.305555555555554,0.0916776732569699,7.8145618573410935,6.740480245726477,155.3262193799019,0.27865464952256946,0.03987764289083832,0.28149358803190394,1.463623046875,656.976049762728,5.988736821365664,0.29569948010232844,0.27311484328152263,0.27511092336682624,0.2737217319603519,0.9303733752647201,0.027777777777777776,0.009712863509054485,1.1244874135639171,0.37618084883658476,7.156026921669641,0.18360670301649307,0.03447895451582943,0.1868160049275525,0.2178955078125,0.4750027667188501,1.5976249689005178,0.1586682045432384,0.19834732437238747,0.20045797283374364,0.19783855764534508,1.263378339792817,0.027777777777777776,0.02492574481674418,0.21731957802885357,0.4335671698299326,5.349605058795877,0.22127149793836806,0.03884028980958275,0.22465449898094986,0.2880859375,0.9421965961245822,1.7360642684951182,0.2158984841018331,0.23932525618402073,0.21799127976166421,0.23243264582063888,1.0096934245209614,0.027777777777777776,0.026805447567955082,0.22421224212024443,0.3008029948956072,6.788715649147829
11,2,16,Cast Iron,1,0.75,0.25,0.37,-0.1655368381076389,1.2740636576846402,1.2847726057958424,5.34423828125,-1.1980198914650357,1.8717593645767179,0.9875837224163907,1.4085669997544368,1.4115733577222571,1.400579815671514,1.4293201940069051,12.25,1.414516520619371,7145.210089601571,4.064913581019391,7304.582945577299,4.886545138888889,1.3104826431184053,5.059218136462712,4.4921875,2.1799642011626297,1.1542976785110681,3.832692915176677,5.558307507906297,5.585941919000474,5.532864163321015,1.4574457287932698,0.027777777777777776,1.2320081034583514,4.226569436136387,0.3864638877984007,7728.141646496456,0.7860023328993055,0.3496379642110791,0.8602594802388512,1.689453125,-0.00752350411004743,2.0121336306220066,0.7346542760751165,0.9300680669192363,0.902992583338378,0.9243707288446077,1.2291394915205658,13.638888888888888,0.201104860175808,161.1827071033944,23.90869094029753,550.1116249031492,0.2808866373697917,0.062336682815654965,0.28772063721145974,1.982421875,406.1754890719979,7.653772975212533,0.3099279766349179,0.27655938680157366,0.2753344331953935,0.27599936659021534,0.888381991793293,0.05555555555555555,0.010784848951679268,2.4448103383840745,1.4518690490152022,17.486552444431513,0.18032755533854167,0.031777288664400334,0.18310604383590245,0.234375,0.5097355281171074,1.6266615577524637,0.158678521048898,0.19248891702553136,0.19583823336565012,0.19364640288827525,1.234182371193774,0.027777777777777776,0.022546735606674476,0.2862815235332494,0.4457285121741134,4.544156421803765,0.22943630642361112,0.04205129566805331,0.2332580763289263,0.296630859375,0.5968570516338509,1.7165134485435505,0.20316826377973823,0.23929339137848737,0.2543409521750723,0.2427463613067017,1.2518734345774207,0.027777777777777776,0.024750371219550905,0.30187281141979694,0.9380068455870896,7.957441820452611
11,2,18,Cast Iron,1,0.75,0.25,0.42,-0.16552815755208333,1.4866585635185274,1.4958453313847522,6.1328125,-1.210132968701504,1.9014253824070146,1.1533634256330845,1.6211749333042482,1.6595795884242972,1.61952087134032,1.4389042963741885,12.333333333333332,1.4682534165993866,9735.163982352738,5.076510350970732,9945.693089569939,5.68869140625,1.4589317734003138,5.872792507400511,5.556640625,2.9597137837809653,1.17647263695993,4.500859281833215,6.3916122581755745,6.508351094648651,6.375312601914739,1.4460241227532398,0.027777777777777776,1.3239192066050327,6.402423600637676,0.5740293322637976,9578.169043991302,0.5320700412326389,0.1611408064848464,0.5559360469441506,0.79345703125,1.573420199621041,1.550207817944531,0.4812511142701299,0.5743181588069902,0.6047732487089467,0.583190984273814,1.25666877598019,0.027777777777777776,0.08200040354791847,3.7020310962700242,7.468966338325468,116.8489905834198,0.2703964572482639,0.043593645195501844,0.27388802455354544,1.947021484375,933.7079580403474,7.951185082114645,0.28240564861615597,0.26711433293725906,0.271920820737769,0.26807742514832716,0.9628731651446609,6.138888888888888,0.008260547826868424,1.2735436112081797,0.6015079918497702,8.551897388696668,0.21162502712673611,0.039260944320728054,0.21523608864534569,0.2777099609375,0.7592250716413695,1.7071098203723347,0.18399713584020025,0.22777166224903128,0.2307484462460309,0.2275747140287643,1.2540871638699513,0.027777777777777776,0.027848878604891426,0.2563855292165069,0.6569184613366231,6.936895594249169,0.24109198676215277,0.04472162041014862,0.24520474998056518,0.345458984375,1.1844299441609456,1.846949781400626,0.24279244200963093,0.26424918751575166,0.22715700570169423,0.2566478456790716,0.9356016349663945,0.027777777777777776,0.036872500226284396,0.4282348176855267,0.586733417965499,9.00083080695735
11,2,19,Cast Iron,1,0.75,0.25,0.47,-0.15863389756944443,1.7111690976093783,1.7185064428367347,7.21923828125,-1.1617555316170651,1.96618771147721,1.2200537717869278,1.8920449990485375,1.9471588784015574,1.8866617532970535,1.5959615251626897,12.555555555555555,1.4666347466040275,12929.42413593967,5.825798302626236,13176.44934604565,6.499380425347222,1.9644194659643381,6.789763600571544,6.81640625,1.601658919700963,1.203126617223074,4.7665948633419,7.495963435045008,7.706670801595823,7.469908196895017,1.6168084392623652,0.027777777777777776,1.8980118471119471,8.62004800783084,0.8346278133120655,17365.247807942495,0.65022216796875,0.19836739355661195,0.6798076864411178,1.0205078125,2.5367417942373223,1.590954310052037,0.5990767044084102,0.7279942055317027,0.7053701231131771,0.7196021808202118,1.1774287297813257,0.027777777777777776,0.1226028428656348,2.4621765349392626,19.308964215156653,177.07362269295584,0.2703948296440972,0.019919946370328498,0.27112758650063096,1.015625,915.2851014440461,4.583361646407412,0.2737012662721926,0.26925282587211347,0.27040901812966783,0.26918268636345816,0.987971381399271,6.111111111111111,0.007949354179966827,0.05411848485149108,0.1818068605056182,1.785636778672536,0.19633205837673612,0.04387070175440413,0.20117384427124216,0.2642822265625,1.031223492137931,1.6565371822177701,0.17579484569106243,0.21134431809854723,0.2141086133076519,0.21242592358422627,1.2179459099951153,0.027777777777777776,0.0270077000083746,0.2756437724906674,0.9891243613952188,8.661332639306783,0.2534601508246528,0.06443345775286326,0.26152192744404007,0.435791015625,0.9282763625259207,1.9954372126182978,0.20747057976901975,0.2682224558327178,0.3003228734537378,0.2748080784114673,1.4475443881638157,0.027777777777777776,0.042748464731153374,0.23666132075073834,3.182587235009616,18.682830003814562
11,2,20,Cast Iron,1,0.75,0.25,0.57,-0.16311848958333333,1.653238299436743,1.6612659378824457,6.6455078125,-1.2136204855843422,1.907548478685681,1.2541942776632637,1.7972134556115134,1.8645197928557835,1.7981873047409491,1.486627571232138,12.472222222222221,1.26929053576523,12057.544751237427,5.920279281538179,12299.421052934063,6.3321310763888885,1.710208598469428,6.559016497833245,6.484375,2.943731397815724,1.183664026087556,4.925033285057561,7.10531055735015,7.370257884309725,7.110856347321927,1.496488948952065,0.027777777777777776,1.5364397518436739,8.711641872744055,0.8051278517282389,13161.661149581274,0.538525390625,0.14356129003264093,0.5573324325244717,0.7421875,1.70597211365311,1.5463238023783208,0.496801621238983,0.5838053553309146,0.5867007561374004,0.5847305909124492,1.1809558001727454,0.027777777777777776,0.07599420737154149,7.2437136048189785,6.679511806600843,92.74430563184949,0.2678652615017361,0.02681441507066733,0.2692040326127666,1.771240234375,2194.6085806835586,7.44563337999174,0.2719280331871532,0.26615697846091446,0.26949590183980404,0.2665515061780114,0.9910559741897768,6.138888888888888,0.00791229229008361,0.2673284036048791,0.2185149165591636,3.235657110479143,0.24071451822916667,0.05307700710113226,0.24649675042302982,0.3643798828125,1.3490832356346898,1.800127527750335,0.21212759056815425,0.2594252581718209,0.26454180132745364,0.2596748189033357,1.247088135112058,0.027777777777777776,0.03262582999753269,0.4831565934872649,1.1845471856986585,12.677283481508493,0.26501702202690974,0.06970882791704096,0.27403164535064045,0.5328369140625,1.2038665120125476,2.282985787141455,0.2654154591492972,0.3098996385239211,0.24248067149372615,0.2973307515659356,0.9135891039313194,0.027777777777777776,0.05893420235230174,1.0296686968120534,1.8047150962905996,21.866943104730712
11,2,21,Cast Iron,1,0.75,0.25,0.65,-0.1594821506076389,1.7530430314410577,1.7602824848434102,7.3583984375,-1.1560585431184216,1.9375552279913764,1.255231418898566,1.9451472139420594,1.9840815710153679,1.93706253712071,1.5806500228908782,12.61111111111111,1.558384105021101,13562.156219690743,5.585808306694995,13829.219420226413,6.632572699652778,2.0444378813460298,6.940514884852707,6.923828125,1.6637787375139785,1.188250504368023,4.89696949078689,7.675363810984218,7.849886672807585,7.653061769535019,1.6030091034008451,0.027777777777777776,1.9843136079985209,9.739584282714066,0.921224602772395,18808.768712059653,0.5482676866319445,0.17470266979983423,0.5754289522086405,0.888671875,1.85428061008923,1.6504331726875863,0.506494111597064,0.624763998932889,0.5886332454718198,0.6161721146289141,1.1621719423662338,0.027777777777777776,0.11685331179370345,2.2008004720349366,13.715609564768155,137.3448136276669,0.2672663031684028,0.055743677462318064,0.27301764482598473,1.663818359375,323.1048737145372,6.921341800836423,0.2952256135430406,0.25998852375879944,0.2624189546904682,0.2602674441368193,0.8888759736702536,0.027777777777777776,0.01297873995425514,2.181439122667405,1.0365447618320858,13.983327698707578,0.22192091200086805,0.05186011338673079,0.22789989588365678,0.333251953125,0.9141198919636566,1.8077555634243032,0.20160915785945846,0.2361801096411987,0.24369610359711563,0.23803486327065296,1.208755128906376,0.027777777777777776,0.02819631633417108,0.4530467937774203,1.2703534697099335,12.102658117810886,0.2632651095920139,0.06872332694497997,0.27208714338403,0.4638671875,0.6875450862986923,2.030114900662083,0.21332817609397026,0.2826186326611031,0.3109855921772479,0.28797415876250776,1.4577802045251629,0.027777777777777776,0.047849980622385914,0.442751474447055,3.0927609835065857,21.253056367238358
11,2,22,Cast Iron,1,0.75,0.25,0.68,-0.15870469835069445,1.8478167253347753,1.854619592182051,7.86376953125,-1.1801585138581328,2.0272435602691177,1.3307642753533406,2.0110913198823552,2.1221262077580816,2.0211794457185626,1.5946672502871486,12.75,1.0340146502300713,15107.044905091267,6.032975387871993,15365.002811829245,7.006190321180555,2.1097428006082475,7.316947280206577,7.5146484375,1.8938223838307886,1.2092004918409371,5.179939629817874,7.955100571459996,8.396293993981297,7.9987447424405,1.6209250674754503,0.027777777777777776,1.9864125623200324,10.05193395566825,1.031907092796331,20029.566719182334,0.30578531901041667,0.0809149296824903,0.31630979619326466,0.41748046875,2.8321968246074087,1.5050884432903229,0.2600947233804656,0.32800528446549987,0.3534387213306141,0.332701043821646,1.3588846276346993,0.027777777777777776,0.05340366985879581,0.26904210336075257,1.5551733462800477,29.462528896331786,0.27117078993055554,0.018489816480110874,0.27180042425469036,0.654296875,252.2998592391284,3.224663265899502,0.2753238894718766,0.2696478117113489,0.27039457354105284,0.26971270493164,0.9820963014132951,6.111111111111111,0.010700666069645069,0.08292167112986387,0.13380742586719077,1.5385130263037152,0.25066677517361113,0.06214297319754385,0.2582548766117851,0.399169921875,1.1700281371929577,1.838701060963163,0.2203258637733211,0.2662257616501376,0.28401954416492037,0.2696940832726935,1.2890885314178526,0.027777777777777776,0.03567871781520983,0.6082209679428567,1.421186245321117,17.37812571724256,0.2947677273220486,0.09920494240105779,0.31101388018447473,0.9796142578125,5.6274281512705695,3.4421506846897323,0.347199111772052,0.3065498339129452,0.275079765004357,0.30307411585252225,0.7922824560247038,0.027777777777777776,0.052580308398173334,0.8172435797842039,3.1485120674467924,44.28730725397668
11,2,23,Cast Iron,1,0.75,0.25,0.76,-0.16566786024305555,1.630414180208239,1.6388093967699893,7.09228515625,-1.065715933304635,2.0662747452047134,1.068659468863559,1.8005715502532325,1.9165066524413048,1.8108727849237267,1.7933745110398631,12.527777777777777,1.0381917433170933,11700.437154717685,5.5983988214181695,11962.289993125862,6.0809548611111115,2.2032755106312463,6.467799857650068,6.8359375,0.48732066579215916,1.2554682219944675,4.160617219461993,7.1238986184661615,7.578696314194611,7.165658564599171,1.8215317378258142,0.027777777777777776,2.2044094668796728,12.023702814071871,0.9173972590551296,21844.904010560786,0.28108642578125,0.09615378567357484,0.29707764853290114,0.5078125,0.4843135957984033,1.9065932856179548,0.2402249424847807,0.3247217405424596,0.31876818536480883,0.3208658639508506,1.3269570681029683,0.027777777777777776,0.07319419540698609,1.1094326302714275,1.2655650755251053,41.60508370399475,0.2715224880642361,0.021814265886795723,0.272397363645049,1.402587890625,1834.0409958208609,6.013948049382213,0.27596037075439295,0.27005882598101105,0.2711366361176135,0.27054272808495566,0.9825201907665482,6.111111111111111,0.0066583551903105056,0.14819455248677663,0.17209742464637331,2.1414370503690505,0.23516228569878472,0.0667379207971274,0.24444887131545628,0.3839111328125,0.12400920640307689,1.900100976384142,0.19625688260607793,0.2594062209489104,0.2710302577664544,0.26118854649788925,1.380997467031308,0.027777777777777776,0.047850151233990945,0.7752137583412994,0.9426200631336044,20.04296822945277,0.40715264214409724,0.2391012242469355,0.4721680521184196,1.15478515625,3.4661493819717926,2.646069853375326,0.6019486391451975,0.3756705010220592,0.40664175734543995,0.4038149082008411,0.6755422820174413,0.08333333333333333,0.15896929926758963,5.383863209314643,8.659427768645443,257.2624824801254
12,2,2,Cast Iron,1,0.75,0.5,0.05,-0.17101426866319444,0.8576228514234928,0.8745071957223507,4.25048828125,-0.9197197224083098,2.227817217548147,0.8272321926620123,1.0231176191905358,0.7504703477393351,1.0034748988279016,0.9072064099975854,12.11111111111111,0.8904071140807753,3172.660102905188,6.049776661990074,3309.826374753316,3.243850368923611,1.0620574468289463,3.4132874529301906,3.1005859375,-0.8360277165495131,1.2788944485916636,3.2109177377654188,4.009050272563819,2.927305399569949,3.9408045855628675,0.9116724994665093,0.027777777777777776,1.268886434318775,2.4185983597450225,0.0022650862016050178,5075.847091748982,0.8812858072916666,0.5326118592531711,1.0297281518686592,1.884765625,-1.3127931665167936,1.8682873936279276,1.0287598590988694,1.1969802649134444,0.8306091728166429,1.1710679736618461,0.807388785118624,0.027777777777777776,0.43692017740716965,147.44052160358777,35.189893781738,1276.5392667823369,0.31554850260416667,0.019178105271996978,0.3161307596826914,0.245361328125,3.182504201687708,1.617921045988629,0.31419001642816413,0.32412558599709135,0.3099083892565331,0.32271818485618703,0.9863724913340459,0.027777777777777776,0.01237748259008091,0.1563999336157888,0.06223232124612793,1.655167301827007,0.15276238335503473,0.03182724143402909,0.1560426834734989,0.2130126953125,0.11312625314949898,1.936162700565262,0.15314226969498163,0.17147306529515688,0.14209993070999044,0.16787060598288125,0.9278948979469577,0.027777777777777776,0.026278362557156917,0.5455762870049848,0.08919112016085433,4.558386872212092,0.18595241970486112,0.03921398809305186,0.1900422038818084,0.303955078125,1.0191904210928717,2.151814378712038,0.19410372011681218,0.19702155401960528,0.1784779282076036,0.19856792860592157,0.9194977206011048,0.05555555555555555,0.02209447863547925,1.1781878740365523,0.10438976814670456,6.9198357562224055
12,2,3,Cast Iron,1,0.75,0.5,0.08,-0.1715500217013889,0.9923701163925103,1.007088803360772,5.0439453125,-0.8810611115743154,2.315131457096307,1.0054092654416757,1.1760388325583022,0.805461635860349,1.137878957440437,0.8011281211999873,12.194444444444445,1.0471229383373692,4243.89084620809,2.8227289598337695,4431.593448960782,3.7317496744791665,1.276216100726589,3.9439425919667173,3.7109375,-0.7668134966216527,1.2714810929840021,3.9114582456274656,4.636002028577282,3.141978531105468,4.48650528607386,0.8032754880146855,0.027777777777777776,1.513051462887685,3.5290091240077284,0.002379168418428475,7329.273912334445,1.0514735243055555,0.6104766672817339,1.2158446996269543,2.3828125,-1.2575480412830138,1.9859039415073594,1.1823304202188447,1.475353444985761,0.9275030946722782,1.4028989201926252,0.7844702959605835,0.027777777777777776,0.5561338033409533,112.3859229446382,51.47831740007512,1677.0681707382198,0.3044171820746528,0.017765838438831408,0.3049351500855665,0.32470703125,10.327846931485475,1.901499332603327,0.3058691456006744,0.31035141381719705,0.29846675356612373,0.3090023691409067,0.9757988272402773,0.027777777777777776,0.009431287199622699,0.10953043820787656,0.04763666676329128,1.4203226526578265,0.16617024739583333,0.03598943127877428,0.17002291105425194,0.2508544921875,0.02830341677627546,2.0031192841200496,0.16683024609372452,0.1893548835271875,0.15177538641953375,0.1832476088112847,0.909759410977953,0.027777777777777776,0.03129615235236704,0.8987406601006493,0.11687163589298846,5.8285836379561164,0.21945421006944443,0.05240749727453493,0.22562512290918368,0.3076171875,-0.36962765759512717,1.8422124659841312,0.22845409684395973,0.24032737151827394,0.2068128825718575,0.24042256017016972,0.9052710607029133,0.027777777777777776,0.03555678220387072,2.026444918910412,0.17303373171096098,12.359577974677087
12,2,5,Cast Iron,1,0.75,0.5,0.12,-0.16986219618055556,1.2409465257374703,1.2525180419583501,6.1083984375,-0.8241208380883562,2.3020033920963496,1.205516121033063,1.4803537127809887,1.0303825033833203,1.4343181270552317,0.8547231226574867,12.333333333333332,1.0914983371509477,6605.617578344538,4.4904772673328655,6929.76729576985,4.6484564887152775,1.608800655839605,4.918982341674862,4.970703125,-0.7159716276253656,1.2795218350706616,4.700952616661811,5.838761800608289,4.049576146312755,5.657571370597129,0.861437346115689,0.027777777777777776,1.9392268882831012,13.019388027368072,0.009652285508241706,11647.07800089518,0.80791259765625,0.3822772454106488,0.8937889335913838,1.71630859375,-0.7987311430038551,1.939382299728118,0.9738708623410507,0.980896977582829,0.69713172089874,0.9731597179523649,0.7158358955549116,0.027777777777777776,0.3471088213233036,39.01716202406749,23.265409794703494,657.6122032139039,0.3091494411892361,0.052167796558409606,0.3135201045951863,1.695556640625,387.24059177228906,6.175154728114764,0.31042178611672816,0.3104454682683499,0.3196036512492856,0.3087508538076047,1.0295786750260651,0.1111111111111111,0.00966874974466926,2.922480788190954,0.6073626250707248,12.246676937739055,0.1793576388888889,0.04202876529880205,0.18421612236810017,0.2734375,-0.4209343796087808,1.9680624228999668,0.17673668216978627,0.20914232013468093,0.16379979952770138,0.20206769777468653,0.9268013720566691,0.027777777777777776,0.04071670783774992,1.3438946060648354,0.15601213488554488,7.948887205537822,0.23648695203993056,0.06025239771844408,0.24404186099101519,0.330810546875,-0.4311102459240397,1.8007284619755428,0.2489547455235184,0.2561484957682424,0.22600613386556756,0.2609044765088191,0.9078201477553963,0.05555555555555555,0.04107813871082057,2.5006028088479146,0.41206754991383315,16.33658191685875
12,2,6,Cast Iron,1,0.75,0.5,0.17,-0.1704326714409722,1.3510524547939702,1.3617599021484366,6.64794921875,-0.854493712011251,2.316338489643801,1.2663655677142658,1.6071867068177061,1.1732174698810702,1.5739435395513945,0.9264445431809049,12.388888888888888,1.350580994742308,7863.1663505090955,4.646731976519,8214.050128324829,5.062923719618055,1.7453143450986555,5.355307531214082,5.46875,-0.5792381280688788,1.268273044621998,4.94345687193314,6.332550583537113,4.636700715370317,6.211406814597816,0.9379470349373421,0.027777777777777776,2.0932097272020616,14.457753010429379,0.014262739188227572,13707.549739689297,0.44762152777777775,0.1924342396040592,0.4872329716902422,0.80078125,-0.6376756364116538,1.748754355219807,0.49944734031095606,0.5418332033416317,0.4112870531869088,0.5449319249255264,0.8234843195497674,0.027777777777777776,0.17628289017038748,16.888776628497663,5.010551106916477,166.63921510378526,0.2928521050347222,0.07805177416980798,0.30307496576642995,2.100830078125,299.1945583710022,7.70906886136748,0.29365176374291246,0.2904498418447688,0.3239920302198706,0.2899954422025309,1.1033205661366998,13.61111111111111,0.012978437444811272,7.231231164508972,1.2798808183040338,27.41437117556731,0.186409912109375,0.042958080737703006,0.1912957188054451,0.2740478515625,-0.20790618390025184,1.9079895601124701,0.18126310234012272,0.21743585082897385,0.17218447840670828,0.21020276962235487,0.9499146609750766,0.027777777777777776,0.042133854684612525,1.423968584609977,0.2016418119724684,8.304285884482992,0.23150790744357638,0.053746722521441324,0.23766493513074313,0.3912353515625,0.28239296682295123,2.0981522843838154,0.23073082102375508,0.24697714545475238,0.23498817422335747,0.254910942805376,1.0184516016573446,0.05555555555555555,0.03955484290877951,2.130584198020423,0.35898066955557284,12.99937555938959
12,2,7,Cast Iron,1,0.75,0.5,0.2,-0.16790934244791667,1.4525831290244766,1.4622555501716625,6.7578125,-0.9681605691423871,2.138778960957168,1.409421378117638,1.7112459778488813,1.2246397283382968,1.6685853362547782,0.8688953831350795,12.416666666666666,1.345005413853727,9252.501215894838,4.456140303542137,9494.992315559915,5.452457682291667,1.8581934175577914,5.760397343433569,5.9814453125,-0.3531956204038904,1.2621538722129726,5.523714251961168,6.74571061599006,4.850824858795629,6.593001371073107,0.8781817156948998,0.027777777777777776,2.171437529760711,1.3829492205858582,0.01595329252146102,15537.972515190966,0.5515321180555556,0.2408817725189077,0.601840265833633,1.14501953125,-0.5628287229373972,1.9877185532659105,0.6315566643104438,0.6760311216012947,0.48036779568124155,0.660606686564729,0.7606091786011384,0.027777777777777776,0.2058529517325885,40.20441946539401,5.044653941476221,261.1081969539325,0.2837204318576389,0.06832811605052251,0.2918321690569749,1.480712890625,194.58775293540165,5.893698109714585,0.2889443559894216,0.27593100446901975,0.30963088444803527,0.27608374197004965,1.0715934678418533,0.027777777777777776,0.013234861631865642,4.417800971599453,1.2158733923632625,21.009293116132415,0.211630859375,0.04979202539056712,0.21740944421136793,0.2960205078125,-0.2970305865313012,1.7995324581306438,0.20582955522647728,0.24647704101952628,0.19668213376516183,0.23913053591612046,0.955558270282174,0.027777777777777776,0.048843255865966786,0.4585648384637474,0.3024085049177234,11.156634591105913,0.27788431803385416,0.07509484468418579,0.28785227097815674,0.445556640625,-0.20609010098869707,1.9210496889460427,0.27427926220035376,0.3119564578569888,0.2757369116567402,0.3179418871168017,1.0053144719899445,0.027777777777777776,0.059191719539138335,0.9929794073336489,0.61413428760609,25.37656094464991
12,2,8,Cast Iron,1,0.75,0.5,0.24,-0.16830403645833333,1.5494586574908933,1.5585725456203987,6.98974609375,-0.9869235386924613,2.169515731398974,1.4833139415162768,1.8207117911596815,1.331252592230528,1.784941534906754,0.8974853906312589,12.5,1.3562091271335293,10546.903535222038,5.11742955493643,10803.701620790689,5.820584852430556,1.979167867291776,6.147870645293727,6.4599609375,-0.31377261176527593,1.269176732105301,5.792978067148356,7.215433854095854,5.269521783283422,7.069846106557993,0.9096395191217064,0.027777777777777776,2.317965174046877,1.5949318860485948,0.021827246107579676,17626.974513705576,0.48629964192708336,0.20852349150186122,0.5291213360341239,1.21826171875,-0.3450241170221946,2.403933785365193,0.5513576548634358,0.5985985468671661,0.42141746623937937,0.5837677355406237,0.7643268621050687,0.027777777777777776,0.1832985936791032,42.04693485568018,4.526820704997418,195.66922187805176,0.27306654188368057,0.052345366735919954,0.2780384392759926,1.93115234375,493.8607805815512,7.766637712929562,0.295293620849982,0.27076391864979843,0.26721657693302237,0.2698738209944711,0.9049182172099016,0.05555555555555555,0.008262532935691276,2.208488091725505,0.7950036959308893,12.33018753727277,0.22534464518229166,0.058349117418500386,0.23277634891855073,0.33935546875,-0.5402015267082554,1.859034475894787,0.2206945316363406,0.26943662613382124,0.20310665683574314,0.25888833686153134,0.9203067032509049,0.027777777777777776,0.06177191674138877,0.34995269955439656,0.630842685442341,15.320874063505071,0.2785989040798611,0.06582249479207875,0.28626901714148684,0.4180908203125,-0.05495463996755312,1.8208056169675533,0.283685465502624,0.30876437612705404,0.2646449833699654,0.3083334475621235,0.9328817142643407,0.027777777777777776,0.052329512515111476,0.6038452664740006,0.7676160547604576,19.49691271657745
12,2,9,Cast Iron,1,0.75,0.5,0.32,-0.1651296657986111,1.7712453469076608,1.778926048341752,8.0517578125,-1.0039235512351503,2.1601648034116367,1.6374571045991362,2.1160299550304136,1.5280330874749415,2.0593905698682593,0.9331744222081575,12.777777777777777,1.0853907815649277,13823.281444396072,5.458968735318801,14118.091532536342,6.640119357638889,2.277938280380557,7.019984892641423,7.6025390625,-0.24674956185279306,1.2707859879942442,6.411188494790839,8.344724636803099,6.09120648959912,8.14766701849298,0.9500900643536362,0.027777777777777776,2.7365812931471565,6.0165706246198845,0.032799373433738,23350.512645366452,0.59900390625,0.25618373363446145,0.6514873637160213,1.49169921875,0.10592267589933524,2.368378630092001,0.6842866797046467,0.7355843778730805,0.513784700290713,0.7102506383901732,0.7508325319330691,0.027777777777777776,0.21845051458607886,41.13793972837327,6.811788793353882,295.3355665206909,0.2713486056857639,0.06368902721243389,0.2787227260107692,2.034912109375,521.3316774812652,8.089181331370467,0.29991035545957245,0.2707287543688623,0.264232462484495,0.2698347649461689,0.8810381424795891,0.05555555555555555,0.00969765524785328,4.221241030266646,1.003775254272914,18.253317799833088,0.21883138020833334,0.05963182521816689,0.22681077475008576,0.3594970703125,-0.36994913141695696,1.9213858605490928,0.22095977326287275,0.2591371889014037,0.1958419734278138,0.25009279123480227,0.8863241056770245,0.027777777777777776,0.060214446181339705,1.3501086095676613,0.8067283335135956,16.00185640561911,0.27960157606336805,0.07626024494265453,0.28981488280596124,0.511474609375,0.24057582461004934,2.0533547748682404,0.2892167706407233,0.31003743497486935,0.26871629534111635,0.31360685772056823,0.929117266422031,0.027777777777777776,0.05623654607531422,2.5360582511710392,0.7574879283685882,26.17036709934473
12,2,11,Cast Iron,1,0.75,0.5,0.4,-0.15629937065972221,1.8244082959031247,1.8310912384228069,8.00048828125,-0.9818174105125452,2.074625253666816,1.6812556997011137,2.1820805282846685,1.571810806232648,2.129215723904633,0.9349028862843871,12.833333333333332,1.3232902178394823,14660.226967880977,5.702120950775027,14978.124197910887,6.801988932291667,2.4707957754534604,7.236842211836389,7.763671875,-0.42413611207747204,1.2576704360243924,6.586941151375914,8.644995495442206,6.244350626698144,8.44368741049677,0.9479894359453617,0.027777777777777776,2.9974930701828986,7.305762173006471,0.03082551834972753,27471.742941575583,0.6939846462673611,0.31043833486713945,0.7602543317929313,1.74072265625,-0.032458003203773345,2.3506730580349404,0.6569430672718728,0.8508646517515167,0.7605360594955004,0.8910151808159377,1.1576894519243874,0.027777777777777776,0.27368457655887507,24.323253410826332,27.047105441560475,433.6742515113618,0.2706856282552083,0.05474451034874528,0.27616602027990467,2.030029296875,663.920948259461,8.177330357156638,0.29093073347057935,0.27033608559703975,0.26660967990315515,0.26996330241427474,0.9164025976998278,27.11111111111111,0.007610456471463367,2.2302130215030775,0.7628123282868673,13.48642345666885,0.2115258110894097,0.056003767354871545,0.2188140551129457,0.3704833984375,-0.29108743547689286,2.064127718015489,0.2086682328939755,0.2469647919757903,0.19774916497971334,0.24040165279881642,0.9476725912572894,0.027777777777777776,0.05187249323033605,1.107836323056547,0.7904549379795471,14.113899803327193,0.26795240614149307,0.07583992769211079,0.27847834132901655,0.4608154296875,0.19887024576928747,1.992289840799517,0.260157621368597,0.2951258196305706,0.279050752371855,0.3052216432824263,1.072621862484243,0.05555555555555555,0.05567575234852591,1.1727937583151717,1.26412777042386,25.882632037997244
12,2,12,Cast Iron,1,0.75,0.5,0.45,-0.15572238498263888,1.7960382259592231,1.802776406072432,8.24951171875,-0.862454523919352,2.185756189301759,1.7214493962280242,1.9736670383994632,1.7003701681210377,2.0615037439545008,0.9877549533822054,12.972222222222221,0.9186362061174759,14134.275102624664,6.630076566484698,14515.889904626207,6.61998046875,2.64187383678932,7.127667134213227,8.1982421875,-0.8293284540529626,1.332423376915779,6.752192390225793,7.810984515894194,6.768111638135722,8.173656171478056,1.0023576413392743,0.05555555555555555,2.5982172588840307,23.056565801290223,1.8094833966343735,31407.74259858132,0.5409431966145833,0.24224521876054292,0.5927075906177911,1.3427734375,-0.07301142494054647,2.3478720106309177,0.5486149601325151,0.6480950090660446,0.576976038211574,0.6718575399924627,1.0516957796269508,0.05555555555555555,0.18401516527936243,21.04656450155651,10.54831239233097,264.07252728939056,0.27363091362847225,0.06821274797431452,0.2820050635704256,1.959228515625,364.9835501435072,7.7699388856108165,0.2728559931925753,0.3034676594516058,0.2683981264538499,0.2910752566898272,0.9836621996586341,0.027777777777777776,0.010531214217950093,4.0616759785536445,1.034158944301343,20.93895648287402,0.21328559027777777,0.05795629992893162,0.22101962745781736,0.3350830078125,-0.2571963290124293,1.8750765065722304,0.212473521090528,0.2365196221944553,0.21321936665594474,0.23966089852043268,1.003510298890839,0.05555555555555555,0.04284116195660182,1.0795370808778988,0.8623729601457397,15.115197263823614,0.2712081570095486,0.08723634707706947,0.284893040771211,0.5517578125,0.4742793320409482,2.2645046008006693,0.27505406133692584,0.29433133345936974,0.284967478014058,0.30744836697951233,1.0360417025981985,0.05555555555555555,0.06769968619188091,3.263621698166086,1.9010309905517722,34.24607593566179
12,2,13,Cast Iron,1,0.75,0.5,0.49,-0.1601763237847222,1.9081427612599051,1.9148538461328488,8.2666015625,-0.9938531470674294,2.0616476365664687,1.7201249345189364,2.269115800853642,1.7006702937700335,2.2295111267648875,0.9886899838735588,12.916666666666666,1.5618870426590328,16039.26097367726,6.47825288223257,16384.65837469498,7.112038845486111,2.5818817189364087,7.566188588072692,8.056640625,-0.20954436076321903,1.2377743782071882,6.754205785712971,8.97955932923979,6.744616201663992,8.830642707121719,0.9985802055262717,0.027777777777777776,3.0922226854844856,8.661135988948287,0.05035201310099044,29997.50945694711,0.41265462239583334,0.16347909994015838,0.44385724450761427,0.84716796875,-0.1118343489244924,2.013157830714806,0.40410050984622414,0.4751813437816388,0.44936981314900754,0.5004923387316474,1.1120248606466994,0.027777777777777776,0.12185947964080888,5.665458676874648,3.570624387579457,120.26460617780681,0.26808417426215275,0.032307117347769275,0.27002384028293286,2.239990234375,2984.853702850369,9.149944399024841,0.2735396566750522,0.26975650773051446,0.2667322735001521,0.2694739095536099,0.9751137247971806,6.083333333333333,0.005629681456397394,0.3272718115536791,0.263260655010716,4.696916799412834,0.21376315646701388,0.05612460929943529,0.2210082777448739,0.3125,-0.16393781354996362,1.75365939295226,0.20800090294765758,0.25042660271722095,0.20138549480967166,0.2448344203800088,0.9681952912500065,0.027777777777777776,0.05467620689217239,0.5124956431091171,0.6150387573943272,14.17489800279339,0.2680856662326389,0.0728490463239981,0.2778073216992559,0.48583984375,0.14299364814727245,2.0761951954128244,0.25512436812215256,0.2999417452495534,0.27654516849163363,0.30587611414484694,1.0839621888224527,0.027777777777777776,0.05929113353004866,1.6276139712223328,1.1366135899021481,23.8815907932818
12,2,14,Cast Iron,1,0.75,0.5,0.58,-0.15703803168402777,2.0960309488026336,2.1019054882971453,8.99169921875,-1.0097700037089277,2.0419529857059127,1.9276124559451164,2.4951978135193085,1.8199775098321087,2.4372995096061945,0.9441615217929095,13.166666666666666,1.5265193604748668,19397.10166678006,7.763939915385153,19770.057303773032,7.813074001736111,2.806105921400079,8.301708004906057,8.6572265625,-0.15863996248082035,1.2039832262942987,7.568978581125606,9.849381138229015,7.242604630139924,9.645770485895017,0.9568800535650155,0.027777777777777776,3.3586672972230573,7.85876107865369,0.05718305502758901,35434.03699071672,0.3448418511284722,0.1158409259859876,0.36377880974982924,0.64453125,0.5020161575541597,1.9059916532159291,0.34000463075850207,0.40206893127554016,0.34603828232541983,0.4068510202001012,1.0177457923248208,0.027777777777777776,0.10055626801980047,4.206754871345723,2.0986018829625723,60.38608327706655,0.2635662163628472,0.011336511111074695,0.2638099067358895,0.4150390625,167.34996193167962,2.4570470737625936,0.2625634922716205,0.2662039571375416,0.26264589546848194,0.2655875824772,1.0003138410300247,6.083333333333333,0.004632069051076917,0.04262619596007408,0.022405436620236113,0.5783245729075537,0.21476901584201388,0.05624031770427071,0.222010593218487,0.3497314453125,0.011296179232251902,1.9216909247552683,0.2126884731410958,0.24927308901262907,0.20122785838617083,0.24443637832597853,0.9461154871927541,0.027777777777777776,0.05193022399575555,0.6797825600757849,0.8426273991316914,14.23353606859843,0.26373148600260415,0.07071493480788918,0.27304742942211674,0.48583984375,0.4361659870753387,2.1235650729331996,0.26062549260929185,0.29007023002743,0.2675786060134017,0.29731013620205543,1.0266785621563637,0.027777777777777776,0.0512509446088173,1.6190430968778275,1.3406402517320122,22.50296793729067
12,2,15,Cast Iron,1,0.75,0.5,0.65,-0.1572463650173611,2.231517117062899,2.2370505276045702,9.55078125,-1.038190760538193,2.036460064841806,2.0853394030708667,2.652815607990085,1.9044983888604095,2.580949116690058,0.9132798172114567,13.333333333333332,1.4796464261659081,22057.40829394424,8.189156644099405,22408.519019654064,8.108623589409722,2.7734768592125767,8.569827909784388,8.6669921875,0.08281842067235301,1.1663148073356668,8.119418058839374,9.995094416918066,7.382343069286658,9.811451711361165,0.9092207120989066,0.027777777777777776,3.2239980642210044,2.867106991541685,0.0823029656108173,34614.782557614664,0.3200222439236111,0.09718483217239421,0.33445347689967236,0.537109375,1.0873330133933257,1.7519252765184035,0.32323926787964247,0.3647815202005968,0.3130945589620065,0.3642079500735247,0.9686154810825356,0.027777777777777776,0.07804338723720931,3.6021491473676317,1.8403492863954798,42.50205853780111,0.26003702799479167,0.011964098195135152,0.26031211184650416,0.487060546875,229.37704147301707,2.724531373489084,0.26090791938154156,0.2622307708052507,0.2577775536559376,0.26171110170490697,0.988002028711799,6.055555555555555,0.007334262691203604,0.04451945816989263,0.02817220275146193,0.6441480391555362,0.24797844780815972,0.06515630067707501,0.25639550326646837,0.4248046875,0.13781375086800862,1.973441183118724,0.24812880161817857,0.28589033261540775,0.2321955594114041,0.281195951407703,0.9357864056777552,0.027777777777777776,0.05833927064107393,1.1029904117413167,1.1373588403103188,19.104084618389606,0.30997653537326386,0.09380460873285214,0.3238591624480243,0.694580078125,1.4913778899750456,2.4311602292597208,0.3127609873752432,0.34056277997339157,0.3175717698056073,0.34518706613282346,1.0153816576381127,0.027777777777777776,0.052031080899707226,3.6750868443455644,3.599016831891622,39.596891318675546
5,1,1,Stainless Steel J45,2,1.5,0.5,0.0,-0.16209228515625,1.76358747273705,1.7710208025040899,8.77685546875,-0.7140468331360297,2.3738295770189244,1.5061101352552155,2.180698454295683,1.5445810307719778,2.136392390905717,1.0255432153441044,12.944444444444443,0.7963699025716893,13557.650207105633,6.52628514988394,13996.084306491739,6.407239040798611,2.8153144326161326,6.998478940486326,8.5791015625,-0.8965176964607977,1.4100441176456922,5.896866556446935,8.628345241588764,6.141233235165554,8.46288507337672,1.0414400896441276,0.027777777777777776,3.4485875980456053,14.575147638597231,0.004401712661476731,35666.97909650803,1.2101722547743055,0.5647116326279211,1.3354460356939994,3.02978515625,-0.20837686331705818,2.318104245516171,1.1908408736054066,1.5123367827074632,1.282569223150629,1.511130978367592,1.0770282172692849,0.027777777777777776,0.44274463940099973,38.11342196624448,363.5394360597667,1435.0467592080433,0.310096435546875,0.01943553082531452,0.31070490694119873,0.133056640625,-0.6678376967852397,1.2218624920102954,0.3220240556461464,0.3172297033098007,0.29202472586272604,0.3111587173587828,0.9068413391563986,0.027777777777777776,0.018362849471454144,0.07336055354653281,0.03464610309881255,1.6998298287391662,0.1774102783203125,0.046967079953809415,0.18352196994659323,0.2789306640625,0.9569730839383701,1.948900263707307,0.17324333656443178,0.20404220825318442,0.1714481377747275,0.19827441982322205,0.9896377036756239,0.027777777777777776,0.03368018686254608,1.2830806717643215,2.064642727087002,9.92668700069189,0.17155497233072917,0.04496653059007225,0.17735021117750369,0.3057861328125,3.391438158977177,1.765491845110456,0.16503497951957113,0.19711008203061897,0.16813792942394898,0.1942825583370482,1.0188017710755062,0.027777777777777776,0.03813917778459887,0.36283759244567715,0.7552773863614825,9.09898759259118
5,1,2,Stainless Steel J45,2,1.5,0.5,0.16,-0.18523003472222221,2.1238389505987523,2.1319010422258358,9.99755859375,-0.8155166085861767,2.344179441149033,1.8222824608344321,2.5303774907614742,1.9777468363553723,2.5540018296582474,1.0853129955768506,13.388888888888888,0.6888246648702234,19855.04262268191,8.642591059818791,20298.134037240347,7.481693250868055,3.1161874775857155,8.1047121044209,8.7060546875,-0.5568819305538266,1.2332476537998105,7.16718382207758,9.746468129277684,7.120176258503977,9.628052527660387,0.9934412783681086,0.027777777777777776,3.711025508352839,6.209258681146866,0.0056058285840255954,43697.80977958042,0.8717062717013889,0.44056543761755773,0.9767137395095278,3.330078125,3.5340065134298824,3.4219700420395247,0.7928675582286323,0.824975631334703,1.2460679875723202,1.0040111092156103,1.571596636336333,0.08333333333333333,0.320213245516566,28.855744528555817,105.98182479727194,873.4410629537368,0.28393229166666667,0.014039021990984208,0.2842791592599577,0.528564453125,201.49155950319,2.7181207378568457,0.2851741880932298,0.2825088066441622,0.2851462392922336,0.2836091381553496,0.9999019939315578,0.1111111111111111,0.004294686318895362,0.10226246087456595,0.06759284400899633,0.8869428558482064,0.18657050238715278,0.07076025074869367,0.19953838088701778,0.5328369140625,2.9968978796321917,2.7651713422111768,0.18815272582377257,0.1828057751817971,0.22500510364501572,0.19005455589062503,1.1958641718311314,0.08333333333333333,0.04392564259538596,2.6282959180261676,2.6893639714264177,22.531736075878143,0.17950527615017361,0.03541831567914318,0.18296612050130354,0.2691650390625,2.975581809109846,1.981507981541408,0.17623560218756928,0.17349853701712156,0.19816425996732082,0.180723748735098,1.124428080975447,0.08333333333333333,0.022930843706055408,0.9799256394961233,0.4892936077646015,5.645077705383301
5,1,3,Stainless Steel J45,2,1.5,0.5,0.29,-0.19861924913194445,2.06719700928479,2.0767168996571765,10.2294921875,-0.7546898479929403,2.271275817988791,1.6737946989564034,2.4545919709341537,2.0277201004912335,2.5162106200773713,1.2114509035997663,13.388888888888888,0.6343368068420391,18723.032155247554,7.4420806871288905,19230.48929714627,7.288275282118056,3.1205665337954525,7.928233856274497,8.69140625,-0.7286998376117491,1.2606990874253472,6.560058373868972,9.57643385078904,7.336772115325985,9.549661248874838,1.1184004313972171,0.027777777777777776,3.7828314312503557,10.36695752507709,0.004728828008986011,43820.70971474119,0.8328125,0.4002846549378186,0.9240154030831621,2.87109375,2.575475896921289,3.1758889545652806,0.6916445305357555,0.8464977545591084,1.1689665479863731,0.9715277741497101,1.6901262084453683,0.05555555555555555,0.28711691835762826,29.002970959834776,81.98769213134798,721.0261786633067,0.2849761284722222,0.016868890581733513,0.28547496084328483,0.791015625,461.98801626990644,3.6303602601908493,0.2824718970974433,0.2858754194854541,0.2880498770866116,0.2867901684531031,1.019747026328938,6.083333333333333,0.005956025633306942,0.161877267480656,0.1136496143894035,1.2805178032981024,0.19309129503038194,0.06006404075097278,0.2022175492083823,0.472412109375,4.69435707579287,2.7345723345463133,0.17156374592725296,0.1918790133141448,0.23753765376574046,0.2006281933574905,1.3845445754399766,0.08333333333333333,0.03242849605648179,2.6706378361250707,2.755005888647431,16.234698006510737,0.18098320855034722,0.037462016404298956,0.18481970795955296,0.3631591796875,8.13468672130066,2.470207175362016,0.17258666514870294,0.18027903071826346,0.20047016597712547,0.1835073214877644,1.1615623130813597,0.08333333333333333,0.01695592812681659,1.1329052247358509,1.1475737866877869,6.31552875166138
5,1,4,Stainless Steel J45,2,1.5,0.5,0.44,-0.16238878038194443,2.758606551397885,2.7633820259618953,11.6357421875,-0.9353174298495137,2.0938591762338494,2.615910376959292,3.276866445540523,2.308246057515341,3.229500418284274,0.8823872858360013,13.916666666666666,2.7197990691269123,33726.88159287453,12.543767717005693,34244.62011356355,8.1195654296875,3.1628039375574306,8.713820718514075,8.6572265625,-0.011746540027753216,1.1470418672102791,8.468628757918033,9.9951171875,7.49479645566984,9.95441262891513,0.8850070855523481,0.027777777777777776,3.3903892882683744,1.203144897360349,0.0038174180544703505,45014.97936524286,1.0626155598958333,0.4160717622820069,1.1411693737132933,2.70751953125,1.64979294712289,2.430346944008328,1.0568658547557506,1.1083396261916143,1.2495681080150853,1.2097041172629517,1.1823336920122844,0.08333333333333333,0.3012946175434507,14.841520956201645,96.55766910922411,779.0215983125901,0.27244181315104166,0.040702535517616364,0.275465493212108,1.2890625,392.6356715816197,5.5348428049789,0.28638487943372437,0.26560519181987063,0.2740096654533023,0.26634960075665015,0.9567881725987354,0.027777777777777776,0.011383018750983158,1.7628278769583456,0.8563775876758546,7.455292129516602,0.25678758409288194,0.08977815825582725,0.27202937533300936,0.574951171875,0.9368837245340411,2.427680429058662,0.29244827449954464,0.2455977376096469,0.2759632242808158,0.25181419992926435,0.9436308856773423,0.08333333333333333,0.0604021490275327,2.309225964137066,7.978740038007901,36.27062990913788,0.2283114963107639,0.05683505909406709,0.23527933034987594,0.3857421875,0.5986795268129961,2.0441958523716686,0.23830703741729872,0.2255626143471687,0.2416616494107387,0.23224832161747588,1.0140768482114346,0.08333333333333333,0.03551959490394492,1.1738673776725355,2.417389486247913,14.536027616510793
5,1,5,Stainless Steel J45,2,1.5,0.5,0.53,-0.15132432725694445,2.995735210137527,2.999554717166783,12.099609375,-0.9533829064247374,1.9599263238487932,2.9064662825525582,3.5630760128746832,2.4184558252518613,3.4851083484975782,0.8320949187574578,14.194444444444443,2.716922611624802,39943.0927188798,11.650745335204984,40384.93477048873,8.200740017361111,3.119056588228248,8.773861797003526,8.671875,0.15537773839842872,1.1391924580933745,8.733866139592399,9.9951171875,7.399943726987207,9.935295370738263,0.8472701102483986,0.027777777777777776,3.2710268108175216,0.634524010765337,0.0035607416658520233,43778.31300275592,0.98425048828125,0.38383355949414927,1.0564455618136828,2.23388671875,1.0974798579311225,2.176926829577234,1.0678890311070903,1.0377857672619557,1.0634121466943836,1.1161240303068662,0.9958077250703984,0.08333333333333333,0.28620370965398795,6.581411099162325,73.77831916082374,662.9796357154845,0.27093343098958333,0.0513429667360919,0.2757553703213244,1.656494140625,361.17879872331014,6.826065496228119,0.29121163954672563,0.2628089564428884,0.2724890937066293,0.2647081219139758,0.9357081129406841,0.027777777777777776,0.013441504617564177,2.013790654173329,1.466973799284554,11.862462878227232,0.2656979031032986,0.09948723533065702,0.28371303408061355,0.6634521484375,0.9004305538626838,2.615979566836244,0.3212325026055261,0.25247974854719196,0.27302548043180797,0.2605429836365784,0.849931056842911,0.08333333333333333,0.06901960593226311,1.4186813211745615,9.902959773572995,44.53970071971416,0.2438458251953125,0.07044716448947318,0.2538180242807626,0.44189453125,0.7280800034298731,2.0920730940196117,0.26950333469145166,0.23201813452030962,0.2584691590756473,0.24104185317160584,0.9590573688877093,0.08333333333333333,0.04716068675682762,1.2336471852066455,3.5890629508303475,22.332631062302326
5,1,6,Stainless Steel J45,2,1.5,0.5,0.74,-0.14999837239583333,3.467845267879275,3.471087770955105,13.7451171875,-0.9280642669709516,1.9525129288606682,3.2381311986967334,4.202406926604209,2.828362300745443,4.098010011717527,0.873455128033042,14.75,3.085000575156924,53700.06694248804,13.649836885652494,54116.78980207444,8.222862413194445,3.1349217443332007,8.800181850928938,8.662109375,0.19465801022965135,1.1357853004418228,8.588584457639405,9.9951171875,7.659206959626707,9.97876134982414,0.8917892112959277,0.027777777777777776,3.2438515227839724,0.48571263219603045,0.0047874561907927955,44224.80454495747,1.088135036892361,0.4501213857800338,1.1775598160812375,3.11767578125,1.5213563062867808,2.701478345564179,1.080778320604132,1.1973476628651072,1.248286087918716,1.3305791243479046,1.1549880897138562,0.05555555555555555,0.3570161235884376,7.905226037798943,52.19494307976055,911.7453264395396,0.2722007921006944,0.04435007530520303,0.2757901383295325,1.2939453125,141.2897084805786,5.559310910414159,0.28196276487503275,0.2639434866027922,0.2810897299857407,0.2644234904105948,0.9969037227675117,0.027777777777777776,0.013918593636241218,1.835841375056117,1.1917206528657913,8.85118639965852,0.2725488959418403,0.09170388963505553,0.2875630436153341,0.50048828125,0.13303020605782967,2.014249207861748,0.2843123072993716,0.28538110764154623,0.2929191825048941,0.28985755147232356,1.0302726086228118,0.08333333333333333,0.05736298594351658,1.7201336896654202,5.766471988636935,37.84324260205031,0.27737080891927085,0.08519045012520647,0.2901585401691047,0.5029296875,0.09454545479042631,2.050922826847279,0.26882461091582527,0.29789626281176074,0.30260052952356076,0.3052719462743301,1.125642955429819,0.05555555555555555,0.04729436156732337,2.314987673049638,3.54795643307451,32.658361304634155
6,1,1,Stainless Steel J45,2,1.5,0.25,0.0,-0.16549153645833334,1.370994266540221,1.3809463159462423,6.162109375,-1.1142540636947815,2.1321146980883925,1.0564991741727823,1.5169505454501515,1.5177973251416719,1.5099605869682122,1.43662897449028,12.333333333333332,1.5024395593652682,8221.978703142959,4.823269868389156,8458.31829805904,5.198841145833334,1.4791196070389128,5.405159023704723,4.9658203125,2.03958074641642,1.1698531273120654,4.1005432742028995,5.9448379434143845,5.95748931157579,5.9228019508240095,1.4528536618684655,0.027777777777777776,1.3647486145470753,6.254468576106326,0.4031055875620419,9845.077014589311,0.7875534396701389,0.2787035916654164,0.8354137372245385,2.76611328125,3.3701159010814097,3.381207305298104,0.7964321114962188,0.8438497284243263,0.8645009338608466,0.8530414379682713,1.0854671997551055,0.05555555555555555,0.15731217409301657,19.008004511823472,26.401876163279326,349.54063294728604,0.27633504231770833,0.010848338597031637,0.2765479019320984,0.09765625,1.789315117525259,1.2580113180913628,0.27669521584964046,0.27605418260858433,0.2768936113010984,0.2763142570788334,1.0007170180042642,6.138888888888888,0.009953249186765468,0.039723918534836054,0.018713723989363024,0.5295913908216687,0.020721028645833334,0.0004746503703234526,0.020726464269515285,0.00732421875,5.131444087884287,1.177917380530189,0.02067701684827389,0.020746091126901657,0.02075619523315801,0.020749999908079585,1.0038292944028204,5.055555555555555,0.00012026279393910497,5.3094202255723735e-05,5.7122757972268344e-05,0.0010139085352420805,0.13913499620225694,0.013802353398295324,0.13981792491498896,0.106201171875,0.192501075314488,1.410002006590827,0.1357100075832311,0.1419277004496839,0.14172677259228275,0.1423283652084657,1.0443354555511433,0.05555555555555555,0.005717642489697529,0.0662277403143661,0.05388710460657581,0.8572775117225118
7,1,1,Stainless Steel J45,2,0.75,0.25,0.0,-0.17609157986111112,0.8604894715730637,0.8783224779009543,3.7451171875,-1.212685972618063,1.9568553045659594,0.7129380719843139,0.9427609553675472,0.9577432913406265,0.9425611726048198,1.3433751527323383,12.083333333333332,0.9260836492103346,3228.673669746825,6.968061373833215,3331.9896624949233,3.344076605902778,0.7191593543839572,3.420531906464869,2.6611328125,2.3135097093798302,1.1634132632935497,2.730916144409794,3.6846543727883856,3.7504046094689505,3.684068674517081,1.3733137200664536,0.027777777777777776,0.6520677488566081,2.4477632134263256,0.13590520171376724,2327.3558594385786,0.5249140082465278,0.2074439851679883,0.5644180392544275,1.9482421875,2.108096335154956,3.5339566908329525,0.5864599772193685,0.5541809276189508,0.5519523201243873,0.5617896076443719,0.9411593997281874,13.694444444444443,0.10644641085329688,33.90570912756997,17.08032606792611,193.64858845074974,0.3058437771267361,0.015856677937109202,0.3062545513822608,0.12939453125,1.3545471220869763,1.2754912481690097,0.3022972338935198,0.3072876488158929,0.30913788831616323,0.30779208536757785,1.0226289018081223,6.194444444444444,0.005255288199602749,0.13053585546090835,0.048385880668157744,1.131469436486562,0.11778116861979167,0.012952576827242908,0.11849123565863184,0.115966796875,1.6153804281670707,1.6843858520683817,0.11901118433375722,0.1182555698189597,0.11820523251530743,0.11868494629837054,0.9932279321228368,27.416666666666664,0.00502511695210466,0.07882525849250045,0.04828927693848894,0.7549643211894566,0.1260928683810764,0.012163027304143382,0.1266781381682285,0.09033203125,-0.08978792734622454,1.4165298130345056,0.12574348425732257,0.12723489498844331,0.12705081555588163,0.12751829933463046,1.0103968114632782,0.05555555555555555,0.0029990229328598276,0.03116869504406859,0.012830006181121283,0.6657265495922831
7,1,2,Stainless Steel J45,2,0.75,0.25,0.09,-0.1752517361111111,0.9707168808843627,0.9864098711204307,4.072265625,-1.2274239336125439,1.9156828138323578,0.815090329638797,1.055625530413684,1.0678463351997887,1.05636313357339,1.3100956990533787,12.138888888888888,1.1206258644229952,4108.840705881276,7.3821663564710045,4240.31083317995,3.7724088541666667,0.8069997611273299,3.857760642841211,3.1298828125,3.376096744962444,1.1505318689837367,3.1469073493757023,4.136378011097354,4.199321685239104,4.140241038243935,1.334428128642613,0.027777777777777776,0.6989035932318347,3.4271378284315785,0.15114926633513964,2930.618857383727,0.61489013671875,0.22270488553014575,0.6539780931139807,1.93603515625,2.2322343828478903,3.01266183759861,0.66866808564903,0.6465381903401166,0.6464776859917005,0.65429112218349,0.9668140290622801,13.694444444444443,0.13065697532095863,48.77282001607266,23.247380331922773,223.18861546251512,0.33249077690972223,0.015705603315003928,0.332861506794521,0.155029296875,1.1788957157337014,1.177203416815903,0.3260520082830366,0.3351885038326799,0.33723745774982494,0.33577058770748147,1.0343057217334437,0.05555555555555555,0.006366675709932766,0.07915355436719504,0.040900754674426464,1.110143326719602,0.12352464463975694,0.016317112704092092,0.12459769660943286,0.17578125,5.266520590833007,2.0525042729252108,0.1303514587246462,0.12196134255692043,0.12127524945840845,0.1229465560079358,0.9303712489676829,0.05555555555555555,0.006766495133355956,0.17835344584905416,0.11648921465710904,1.1981175546844802,0.13364162868923612,0.017139878018607568,0.13473626214647785,0.145263671875,3.0311715361980234,1.7349794681357862,0.14090582966482715,0.13207752838776224,0.13100631539379992,0.133612064032049,0.9297437565601423,0.05555555555555555,0.007383114765295711,0.16880592653148063,0.07029357335770031,1.3219929304387834
7,1,3,Stainless Steel J45,2,0.75,0.25,0.13,-0.1793478732638889,1.0459909005768953,1.061255211404846,4.46533203125,-1.157320163493315,1.9715193233117971,0.8136654064100206,1.1560608777894832,1.1748445533167606,1.1569268405537214,1.4438914866742354,12.166666666666666,1.0348317328008974,4755.069858795113,3.23558064894701,4923.43633916643,4.016929253472222,1.053039255830289,4.152663278153011,3.544921875,1.6880286968140759,1.16642012018715,3.1235898014941967,4.548064936330867,4.614339496838165,4.541831344220408,1.4772552704042172,0.027777777777777776,1.0025638273137685,4.880074221104405,0.23100210738005839,4990.012740055721,0.6606122504340278,0.26893870289515975,0.7132577173353554,1.86279296875,0.8020124586795525,2.6938183381009444,0.6866510351340033,0.7239527891939322,0.7284314854418723,0.735956518166408,1.0608467011190268,0.05555555555555555,0.14250036797606958,77.3138145935825,25.237197602623645,325.4763104067908,0.2958285861545139,0.019429929636223583,0.2964659753695983,0.1416015625,0.2812215101086637,1.2805471906235175,0.2881286899719283,0.3040355456363721,0.29701930688121214,0.30189245090630384,1.030856409717998,0.027777777777777776,0.014044680741679248,0.048170638097287985,0.02404263654019529,1.6988824983437858,0.10572489420572917,0.014244039724601013,0.10668011024782753,0.15625,3.344089410730639,1.8479879166746052,0.10883652480991102,0.10219513389234097,0.10887012098594377,0.10513829313173378,1.0003086847553377,0.05555555555555555,0.00501866702729721,0.17700177246904467,0.12194921369935477,0.9130645066499709,0.14316663953993056,0.026631928755371365,0.14562261605392063,0.257568359375,7.244593679683662,2.3680980479351548,0.15826569093159337,0.14117893376917148,0.1365222276880509,0.1432236150763844,0.8626141704146063,0.027777777777777776,0.015181781058321466,0.5006526723496618,0.3127275587944459,3.191923309034771
7,1,4,Stainless Steel J45,2,0.75,0.25,0.22,-0.17252115885416666,1.2480283048184457,1.2598961067803918,5.19287109375,-1.2120929612100177,1.9300326526239922,0.9997064934584033,1.3693199878264857,1.3738865664665116,1.3641141626072082,1.3742899295508852,12.25,1.300404334197098,6834.404908886433,3.754173557951029,7009.0905402872295,4.797508680555556,1.2193919825120056,4.950051145899451,4.375,2.932587611567543,1.142270394455204,3.884938927427759,5.3859334571055175,5.422913365235449,5.3753116517315505,1.3958812394577313,0.027777777777777776,1.0937115436119564,5.302858501623426,0.3599857238856562,6691.125826878018,0.90732421875,0.3045204221826166,0.9570631773590377,1.87255859375,2.3160166964750193,2.010137021788568,0.9452933716743408,0.9476348702623215,0.9779153186760091,0.9645704634503381,1.0345098653806142,0.05555555555555555,0.16641745580858044,38.350414941306525,47.053540471038495,417.29723986519707,0.32257161458333333,0.02218837199042301,0.32333383736702215,1.092529296875,507.9766363399626,4.103821324981854,0.31777613989789355,0.32768447080763385,0.3244618986299734,0.3288552885828867,1.0210392093447547,0.027777777777777776,0.010035093957947298,0.1646214891697921,0.08511102244325343,2.215551404489411,0.02161227756076389,0.0005972019033154436,0.021620527086008378,0.0091552734375,9.178452677368155,1.1574377425189801,0.021564340605014807,0.021688537395118935,0.021608519948434757,0.021723025196209566,1.0020487222043635,0.05555555555555555,0.00024092728602645346,4.648679751923043e-05,0.0001057012015243309,0.0016049441364076405,0.16391703287760417,0.02530110854996194,0.1658581917218879,0.19775390625,2.051866994055831,1.777420829366223,0.1772353541235536,0.1607341431388964,0.1589936595020911,0.1643754710074664,0.8970764342607067,0.05555555555555555,0.015490213476046259,0.29239148276177934,0.28364880461134956,2.8806684210896494
7,1,5,Stainless Steel J45,2,0.75,0.25,0.24,-0.16334933810763888,1.269705977100287,1.2801704084005372,5.40283203125,-1.0609773486479286,1.9681217699352522,0.816636333259057,1.4424063468636814,1.472778956042544,1.4329521481383436,1.8034697895021803,12.277777777777777,1.1787891374932682,7097.047614115087,4.1652610967291075,7254.697706627844,4.7491682942708335,1.6703824525567423,5.034359643998114,4.677734375,0.02520021652607296,1.1939437411202662,3.136609391538494,5.693264410623902,5.812293260924317,5.659241724577732,1.8530497538532877,0.027777777777777776,1.7877734080303076,4.565882809988233,0.4146171504693717,12555.799148262875,0.8831016710069445,0.4051783704574874,0.9716162170434592,1.77490234375,0.1359498919130533,1.8770070288652116,0.7450327374158775,1.0445802086041742,1.0889869731252948,1.0596626757608312,1.461663251070566,0.027777777777777776,0.306045189654852,29.441458325700573,35.51877138363213,738.7637537320456,0.30187771267361113,0.021779241214290496,0.3026623345527513,0.62255859375,127.44113437935931,2.8837507503692317,0.3060224420747281,0.31082576648324434,0.2907766739397918,0.30576411063258696,0.9501808820569655,0.027777777777777776,0.017282686618972688,0.077765313706289,0.07435710085027322,2.1345723023017245,0.14636555989583333,0.027358469667481348,0.14890051372029336,0.2069091796875,0.8658168875511922,1.9593488268485284,0.147126089633152,0.1549159928034093,0.14446119853266332,0.15489606716400878,0.981887025563356,0.05555555555555555,0.019413220991968932,0.22615716740761407,0.4919568091361468,3.368195396661759,0.17723273383246527,0.043543055533453515,0.18250325922272978,0.3173828125,2.4988701182313413,2.227325376852083,0.19342858235156354,0.18809539319569338,0.1647052684912617,0.1882380716982534,0.8515042941890761,0.027777777777777776,0.0331686299993537,0.4906107160382749,1.1175552315714403,8.531995418833363
7,1,6,Stainless Steel J45,2,0.75,0.25,0.34,-0.16185438368055555,1.3725090616706783,1.3820195244224078,5.67626953125,-1.185807829589093,1.9061071838698898,1.050130789800563,1.514051987041013,1.5280071343106425,1.509899775182029,1.4550636445969136,12.277777777777777,1.5780164381120865,8303.701535754291,4.934644495574587,8477.024138005572,5.224656575520833,1.5216028018895518,5.441719527764291,4.8828125,1.8101638493015946,1.144047558080921,4.0721741366153115,5.983379567409533,6.037673476591881,5.971443154267674,1.4826658374708512,0.027777777777777776,1.420795703223014,5.0586847946019535,0.4499941910339969,10418.738209554886,0.9616707356770834,0.3689162836672074,1.0300047709659048,1.98974609375,1.175048163880036,1.9460050941029567,0.8797048848197689,1.0705450626734605,1.1237357647807122,1.0951098103527357,1.277400846774813,0.05555555555555555,0.2712588151719966,34.88800315580811,24.165452213954772,612.4465527507994,0.31757283528645835,0.013942313888484062,0.31787874076201605,0.150146484375,1.126296900580396,1.2365293926474754,0.31206528229239994,0.3222174429276428,0.3192676941788364,0.3217721441424785,1.023079824303198,0.027777777777777776,0.007520056254208269,0.054774065464775895,0.02090809584638549,0.8747603727711573,0.14874715169270833,0.025641574755372605,0.15094106628955867,0.2789306640625,3.9827329208953266,2.410010345045268,0.15571363976642177,0.14993538425071717,0.14704509314550301,0.15139513188493542,0.9443302036101525,0.05555555555555555,0.01563593659428102,0.27735832699780616,0.44621385460713986,2.9587142522964207,0.18167527940538195,0.04466641752893356,0.18708553124678728,0.374755859375,3.260707467101988,2.5153257526192636,0.21053956224933162,0.17946127458268132,0.16872975925632422,0.1836396448113599,0.8014159308287432,0.027777777777777776,0.030769382383484173,0.3695285444924569,1.6172053108702644,8.977905594805875
7,1,7,Stainless Steel J45,2,0.75,0.25,0.46,-0.16040174696180556,1.4294968728672013,1.4384679454077198,5.8154296875,-1.1940032719665694,1.8941050328568398,1.0578484946531201,1.5692526041316885,1.6204853953931708,1.5694720384775127,1.5318690753769475,12.333333333333332,1.3062386941478346,8997.003012103598,4.952071022771767,9195.57668539683,5.4656494140625,1.5677745209258191,5.686056671007239,5.263671875,1.812843439347434,1.163585120640029,4.108841351571997,6.2380208947829665,6.4185854720164714,6.233886960462026,1.56214001048271,0.027777777777777776,1.5017690576632432,6.869730087446179,0.5493477214748171,11060.62653750314,1.1782443576388888,0.4444095084247998,1.2592694618254863,2.587890625,1.204878866510521,2.093847925270664,1.1069701873155702,1.3169496442921504,1.3407234506981893,1.3360370099222336,1.2111649130763644,0.027777777777777776,0.24306395029622022,151.6758596815982,64.08324816217142,888.74951122072,0.30630872938368053,0.03506369118426738,0.308309098367386,2.059326171875,1365.5206631867015,7.467331019231249,0.31584965135715026,0.30897402691783965,0.2998958966642796,0.3086754282768802,0.9494894022383112,0.05555555555555555,0.009425199117759518,0.7886272084432884,0.275966829933221,5.532643493016559,0.14909681532118055,0.020837589941245474,0.15054589165260443,0.1556396484375,0.5516623846329778,1.5933225505483284,0.14645610790904284,0.15230603525589947,0.15279292052054194,0.15313368719137327,1.0432676567878931,0.05555555555555555,0.009575495120242139,0.2641871503521793,0.2896936758854154,1.9539295016891425,0.17949673122829862,0.03052079124064129,0.1820730491302842,0.1971435546875,0.0014611661717967017,1.6224815131129942,0.18012366570629967,0.1821875296326052,0.18388843018985843,0.18346154525695804,1.020900998593363,27.305555555555554,0.0132065085927883,0.3939908085214254,0.782487219145394,4.191846379637718
8,1,1,Stainless Steel J45,2,0.75,0.5,0.0,-0.16841010199652778,1.2370529221546438,1.2484638139192596,5.58349609375,-0.9785229487665505,2.11588156024107,1.223280349063903,1.449496567000646,1.0385232659141101,1.4260692370387216,0.8489658700957835,12.277777777777777,1.3573766898218325,6698.171762010399,3.659658982300375,6886.34989693165,4.617359483506944,1.6585232833836951,4.906190791383612,4.62890625,-0.4635740695318713,1.2151818622648103,4.78418737367925,5.706032908538059,4.09449189333436,5.621141348313203,0.8558385308779233,0.027777777777777776,1.8980130922654175,2.616169727232359,0.004279914403187613,12378.147670311399,0.7183954535590278,0.3334503234707736,0.7920108243686097,2.861328125,4.092028473814281,3.671306949709971,0.7009303889351111,0.7195808680708786,0.9342073655911567,0.8237347227483053,1.3328104763876079,0.08333333333333333,0.23443291115916867,20.23909282154888,71.03226819417884,500.3517820358276,0.32686971028645834,0.017137818709219474,0.3273186709200428,0.1513671875,0.7459412495047131,1.2381616861660787,0.32432280406558905,0.3320148224600189,0.32556629651802954,0.3333056753823615,1.003834119700658,0.027777777777777776,0.010242866337446109,0.061366452097884605,0.0322372369963657,1.3216773748397825,0.13414910210503472,0.018930584665606917,0.13547822198186962,0.181884765625,4.331016981484028,1.9687565197614882,0.1347161437153926,0.13613116337686282,0.13558360105197753,0.13660074645560355,1.0064391491076048,0.08333333333333333,0.008818369636807665,0.21501981280905155,0.23349833456381242,1.612662841545211,0.14828850640190971,0.015570816144887296,0.14910376067130937,0.1141357421875,0.33122335263570735,1.436807478717892,0.1469947059118921,0.14996210164224988,0.15033202866953263,0.15095950026534488,1.0227036935577865,0.08333333333333333,0.006805405537693603,0.11783312677935587,0.07191692397707547,1.0910269166032474
8,1,2,Stainless Steel J45,2,0.75,0.5,0.18,-0.16526746961805555,1.3586592135187476,1.3686738818993138,5.9619140625,-0.980456424822056,2.070962771874182,1.3246399441229724,1.5947128958738441,1.149793191468604,1.5711889620345882,0.8680043181317982,12.333333333333332,1.2858175863304075,8131.895833043513,4.375915439253863,8306.7980211099,5.067150607638889,1.8660316287163377,5.39982308227454,5.146484375,-0.47551453970142,1.2026580363933899,5.169850701415147,6.314083893986787,4.569382481733029,6.230263324854788,0.8838519225482175,0.027777777777777776,2.159235137705719,1.973133570068327,0.0038277565150593444,15669.333183288572,0.7979576280381945,0.3713697247531786,0.8801430841673376,2.94677734375,3.240546554531395,3.3647094824947326,0.7501624236130602,0.8087665047747431,1.0521922945812732,0.921631473768421,1.4026193014487784,0.05555555555555555,0.24976606877220775,7.104993367980478,101.50735779032368,620.6196306175657,0.30914306640625,0.018760783573695154,0.309711805566656,1.17431640625,1400.0434131959448,4.564159949162065,0.3102159516330102,0.31063657380870724,0.30827778039762754,0.3110465898313675,0.9937521870645919,6.138888888888888,0.00708392459172553,0.11818266585419854,0.07392137075016009,1.5839974982870948,0.15210727267795138,0.026728623257398297,0.1544378247151927,0.2093505859375,2.4417863646855844,1.9009533584399119,0.15634951283617188,0.15197266720236266,0.15495890864217332,0.15294718977159982,0.9911057977170951,0.08333333333333333,0.016310470764399614,0.2614240869386924,0.6511544501426983,3.2148946833279397,0.16821085611979167,0.03292849784553423,0.17140355330889906,0.301513671875,6.48677427988506,2.3430746934471447,0.17201147404957917,0.1597138334112293,0.1817720508580207,0.16243110993788906,1.0567437542313498,0.08333333333333333,0.01987960332088122,0.38085753611976625,0.819954431811315,4.879288512468339
8,1,3,Stainless Steel J45,2,0.75,0.5,0.3,-0.1604814995659722,1.5755358033672937,1.5836879046690882,6.83837890625,-0.9980385123364783,2.0765292259001926,1.5309299095512265,1.8505345142637901,1.3251331109535573,1.821750246294784,0.8655739904787698,12.5,1.5463164909208404,10972.13806521925,4.7609396363841,11170.409175978766,5.846361762152778,2.2245558881527736,6.255285345488031,6.25,-0.47113844587148934,1.2145978689014127,5.99449803096934,7.336452138099147,5.2562579505306894,7.225426953976073,0.8768470559795524,0.027777777777777776,2.574974376765635,0.7421717161765929,0.005324185195015456,22268.920051129666,0.9737052408854167,0.39870497082832407,1.0521727756841754,2.84423828125,1.8268929334890451,2.731048761817168,0.9465879269519323,1.005295490116641,1.189350631131464,1.1186289460737822,1.2564608075672818,0.05555555555555555,0.27595371059147233,12.023279068518963,103.82758187155244,715.3457724094391,0.30322767469618056,0.013919246947675056,0.30354697846831397,0.361328125,23.290976822630714,1.9463883827184045,0.30213049597180863,0.3054729900407308,0.3030275897853753,0.30596105753723835,1.002969226296343,6.111111111111111,0.006534673671614656,0.042145376327230914,0.034872287566244484,0.8718640863895417,0.049176161024305554,0.058673820046972296,0.0765565932627159,0.250244140625,1.0690820497442726,3.4281981562888757,0.019107799538904752,0.018660145271462543,0.1298823578905453,0.058265755385981596,6.797347733636005,0.027777777777777776,0.05643879583781476,0.052005871573095726,0.37278095975814457,15.491791957616805,0.1879638671875,0.04296018226053574,0.1928107689625727,0.29541015625,1.983594093496169,2.04177785261008,0.19706513347947047,0.17437327086993948,0.205638696398934,0.17944751905952783,1.043506239627908,0.08333333333333333,0.028472011050098413,0.3934029768595918,1.389260439073606,8.305162361595366
8,1,5,Stainless Steel J45,2,0.75,0.5,0.44,-0.16217583550347223,1.6350806335136718,1.64310367284378,6.85302734375,-1.0121475161606595,2.020756544383723,1.5550124137184618,1.9249329927886853,1.405680762333054,1.9013269170367055,0.9039675503115022,12.583333333333332,1.4236533413880925,11837.42279503487,4.916632536608266,12030.700027632714,6.063752170138889,2.3046680804660973,6.486955013100012,6.4794921875,-0.4195112981369964,1.205845517535332,6.0742255678782575,7.619277568239354,5.593938604830122,7.539852013236085,0.9209303379202789,0.027777777777777776,2.6753481749764076,0.2695863248708064,0.004184026731197489,23901.727325799737,0.9360989040798611,0.3821110644965478,1.0110835889431704,2.68798828125,1.4393304447859574,2.7044005361199566,0.8984313389663641,1.0218043412755042,1.1025457309355675,1.0800375772491024,1.227189750753836,0.08333333333333333,0.2522217285250666,10.36005489169342,87.54827067128448,657.0411325375238,0.2804326714409722,0.02259074881631598,0.2813411188283756,0.853271484375,525.9503144904226,3.9049848705911727,0.2850759166626072,0.2807337552947706,0.2781703719087937,0.28090128260999014,0.9757764709321751,6.138888888888888,0.006570821215210948,0.1929551265387741,0.2855234477610996,2.296577652295431,0.16957539876302083,0.03435526121632385,0.17302051854875297,0.2838134765625,0.9531598907291037,2.130685694634089,0.1792422036043189,0.1696271532810359,0.17002105997045772,0.17103724635329198,0.9485548411677808,0.08333333333333333,0.02194000074165799,0.3330260025864175,1.1305985780994483,5.311283759110503,0.20669935438368056,0.06490546368830019,0.21665027652699548,0.4107666015625,1.260800178391296,2.352378971572632,0.23349551970994842,0.17975309425534966,0.23233745788976715,0.18697971219503007,0.9950403253063707,0.1111111111111111,0.04620776823080291,0.43885562419955226,2.0724691135925246,18.957273414979383
8,1,6,Stainless Steel J45,2,0.75,0.5,0.62,-0.16283827039930557,1.799236610133875,1.8065903469111848,7.8564453125,-0.965542940442234,2.0730306645904584,1.7124068449490775,2.149725086356592,1.4958779679902747,2.1028136880264405,0.8735529015213428,12.805555555555555,1.6894380114781973,14337.530291358133,5.29184400587148,14569.303886479796,6.627985026041666,2.627863184947833,7.129926396831648,7.3876953125,-0.5481223490727269,1.2244823107682559,6.704962334400255,8.479630005070279,5.97050302270218,8.319594790169198,0.8904603374235402,0.027777777777777776,3.122652840176236,1.1469195481314298,0.00529653296585378,31075.49213793013,1.2251201714409723,0.47470537316969336,1.3138739002612598,2.5244140625,0.9096862228344409,1.9585153392485524,1.2411206876656984,1.3642907938045932,1.333088123850581,1.427336219972355,1.0741003168336958,0.05555555555555555,0.3449990410375623,39.903855522273346,137.3408311109676,1014.0534621874491,0.27483805338541667,0.012672695234233897,0.27513006522949274,0.50537109375,247.3447859909424,2.728645527157476,0.2765413712658056,0.27383608967457407,0.27500604420579794,0.27382724016294213,0.9944481107727932,6.111111111111111,0.006199691570027192,0.058484304569226715,0.04434978422557638,0.7227035933070713,0.17321268717447916,0.033739535573987574,0.17646810266717425,0.2337646484375,1.0348229557624018,1.798527936227639,0.17439910999720912,0.17709452381024435,0.17789169133340998,0.17855735391258687,1.0200263713287112,0.08333333333333333,0.020026265954435806,0.4593314959212943,1.0904808416793765,5.122630211710931,0.20567966037326388,0.04825832635913507,0.21126520952169567,0.36376953125,2.3815286460499543,2.18410680250983,0.20428299695659222,0.20084883731108719,0.22765581031011545,0.2075823884798216,1.1144138949483382,0.08333333333333333,0.02853648755806935,0.41177978443462904,3.0471914009177485,10.479903866764573
13,2,3,Stainless Steel J45,2,0.75,0.25,0.1,-0.1670361328125,1.0056200049166752,1.0193981871445374,4.45556640625,-1.1860481916633425,2.009361866227816,0.8497687132636852,1.0991578687822352,1.089616035726798,1.0954012645718665,1.282250121379425,12.138888888888888,1.006031491065049,4365.854772465471,9.533583870536742,4550.722643221749,3.9202430555555554,0.8429607229675425,4.009848924223645,3.2275390625,3.5317765690981204,1.1434248581790905,3.3012842376716938,4.330205041576557,4.311323679022251,4.318955103838482,1.3059534922272886,0.027777777777777776,0.7406561881078659,4.616464747885869,0.15063521888047185,3197.6225797494258,0.6023958333333334,0.20445831744433213,0.6361477372352498,1.4794921875,2.680116407605694,2.410136883711049,0.6607123656594793,0.6178424739946989,0.6291118167395598,0.62442859660187,0.9521720031857163,0.05555555555555555,0.08831186766692262,9.531073550531746,20.56978613176676,188.11442256503634,0.28330403645833335,0.020796363516655165,0.2840663053040637,1.39892578125,2229.3984773861885,5.758311200440005,0.2836417788914957,0.28621028333099524,0.2823331585382133,0.2846488116510413,0.9953863624801795,6.166666666666666,0.006897735853674664,0.2164345750865524,0.08035871484991018,1.9462234497070314,0.10235493977864583,0.016184373172239724,0.10362657782667788,0.152587890625,7.511366337062734,2.114478886912448,0.11062331707530991,0.10183530932897149,0.09801762285086149,0.10236726155919242,0.8860484881693907,0.027777777777777776,0.008414023990559905,0.22758424672269306,0.10421555032870913,1.178712025615904,0.13435465494791668,0.020349862712508448,0.1358870494881381,0.17822265625,4.627439527821026,1.9358836947921463,0.14388701406985113,0.13338387476387245,0.13000438373690762,0.1343663212834598,0.903517142094532,0.027777777777777776,0.010025287213758085,0.5166804675185428,0.048277334517669926,1.863529450446367
13,2,4,Stainless Steel J45,2,0.75,0.25,0.13,-0.17870686848958334,1.0897435815567615,1.1042994242457573,4.72412109375,-1.2109696181152285,1.9720506297351417,0.9180006554652488,1.1872874822686197,1.1857718525003658,1.1850751498291443,1.2916895488483162,12.194444444444445,1.1517117829128034,5172.56692508553,10.493331974198135,5343.9348437998,4.234627821180555,0.9345571111133906,4.336527386959407,3.6279296875,3.748417328077653,1.141736563197761,3.5559678160723935,4.676723120000407,4.679718269667304,4.667906048341634,1.3160181733129703,0.027777777777777776,0.8102703939927676,4.714783906996391,0.23681775511780773,3930.2866032918296,0.6236371527777778,0.2097625149553036,0.6579693085586495,1.78955078125,3.1474742355422176,2.797729755104397,0.694842238828095,0.618364411118885,0.658475930628749,0.6330248422282836,0.9476624963665412,0.05555555555555555,0.09072630177086599,6.48460435283919,24.15302726267068,198.00182392464743,0.2858892144097222,0.01831012368498877,0.2864749614628959,0.85205078125,434.60952093944627,3.800915730783786,0.28754697049724637,0.2855760941208937,0.28629834938401816,0.285724849005404,0.9956576794703522,6.166666666666666,0.007464501422479054,0.22090232834278706,0.05673229781476457,1.5086969719992742,0.12234456380208333,0.021818418304725293,0.12427483924448268,0.1959228515625,5.534579901718502,2.1609739278896134,0.1340291687961015,0.12053603620292762,0.11764332916081001,0.12176516578310664,0.8777442270031589,0.027777777777777776,0.010676389737832264,0.28141464743581757,0.27229157303795093,2.1422042678627706,0.14641248914930555,0.038208224021701015,0.15131584636708742,0.316162109375,9.696034999551959,2.629924282910779,0.17590417484496798,0.14197852459447724,0.13262456752596927,0.14395348953976025,0.7539591805757714,0.027777777777777776,0.02520491185057522,1.2825956623363015,0.394982339862199,6.569425546129546
13,2,5,Stainless Steel J45,2,0.75,0.25,0.17,-0.18110894097222222,1.181286820100655,1.195089536329223,5.37841796875,-1.1367728512335622,2.1082363901694476,0.9155074477004783,1.3114187926476604,1.314056263265124,1.3048557209593596,1.4353310468043694,12.222222222222221,1.148776968326248,6080.457010849665,4.192163850822906,6279.473486471177,4.533768988715278,1.2340108124731908,4.698706622926898,4.140625,1.8586597500494424,1.1586882038846336,3.5506535215104638,5.172257886161092,5.184027364341457,5.152072699114598,1.4600206223828194,0.027777777777777776,1.1649149257879594,6.189445284246867,0.3368562343964364,6852.522223758698,0.6376822916666667,0.21419993865729256,0.6726963050486005,1.1328125,1.6628777593547914,1.7420565435026958,0.5753524177125864,0.702156118493298,0.7304158659098433,0.7111793081688601,1.269510379071211,0.05555555555555555,0.13842281156889033,5.826621488617086,9.632326181567535,206.46911230087284,0.287694091796875,0.015476643761674978,0.28811007784691345,0.123291015625,1.7665942646643744,1.2965015283098738,0.29535585603223896,0.2865166156895422,0.28230373379064283,0.28553945216016857,0.9558088252695032,6.166666666666666,0.00876640360867893,0.09209980631736289,0.023105351913306222,1.0778693854808805,0.11941277398003472,0.028971645945168326,0.12287703958990485,0.1995849609375,6.069645201095826,1.7534122101375964,0.11662230623946238,0.12606600511321386,0.125709588406459,0.12665445142852988,1.0779206179333958,0.05555555555555555,0.015609743150950603,0.1979432203072939,0.1272784965173862,3.7771813422441487,0.14034871419270833,0.02014131491717195,0.14178657955582125,0.2880859375,8.942824850099644,2.6387935232276285,0.14373560899072854,0.14277874492725062,0.13879699972074747,0.14226486647862976,0.9656410175275382,0.027777777777777776,0.006404898277186323,0.22930353677693188,0.24654691020965624,1.8255390766594144
13,2,6,Stainless Steel J45,2,0.75,0.25,0.32,-0.17233968098958333,1.3852971789235682,1.3959760884689922,5.869140625,-1.1950120805364286,2.0514459774098133,1.097741245223571,1.5119877473239691,1.534635112725092,1.5114512701239762,1.3979934883584892,12.305555555555555,1.4958618084501645,8423.604870198556,4.954850980320556,8635.717591547966,5.318599175347222,1.377136277440468,5.493996861543219,4.931640625,3.0261592611124923,1.1420490802278267,4.302199653857148,5.9861350178026065,6.017413915539553,5.970890389582672,1.3986830922978262,0.027777777777777776,1.2329128513411882,6.192347436889348,0.4200207514325971,8534.269762484231,0.9309318033854167,0.32547829307707177,0.9861897088384102,2.138671875,2.2378104174882285,2.218133063441273,0.9961969349591834,0.9808776549926466,0.9814179120896562,0.9916763785364852,0.9851645569757422,0.05555555555555555,0.1752640279373551,44.404759151906006,32.65644268162409,476.71260344717234,0.28256334092881946,0.029531953591024767,0.2841024074515362,1.697998046875,1349.0405360377576,6.827458038897064,0.28821808968230234,0.2828801156807905,0.28116135348156046,0.2820452139823854,0.9755159844112478,6.138888888888888,0.009006122390760903,0.8738852778729825,0.2020130673349348,3.9248641987641646,0.13758341471354166,0.02542178003214874,0.13991234007135092,0.242919921875,3.8249724041094515,2.255353299441482,0.14994686472056593,0.1363479718223468,0.13285916247338336,0.13780097586700782,0.886041616948601,0.05555555555555555,0.013139016443272892,0.2525956389793113,0.4924980125394177,2.908281695842743,0.16130126953125,0.035751882751760514,0.1652159092602422,0.3192138671875,2.712433902009881,2.4492985436413943,0.1861386272540214,0.15803245042706177,0.14922146653237436,0.15996454302365548,0.8016684593291505,0.027777777777777776,0.023733982346370537,0.39978063304958145,0.7852508522702376,5.7522044165266895
13,2,7,Stainless Steel J45,2,0.75,0.25,0.38,-0.1713774956597222,1.4798455676061035,1.4897359329700108,6.30126953125,-1.2479784649549257,2.004274568176175,1.2109672329441554,1.6178668065099786,1.6043705329738716,1.6048933344748282,1.3248670065772608,12.333333333333332,1.548561796307894,9622.368387338216,5.715925439427911,9854.743142233958,5.733721788194444,1.3250922610108433,5.884847920261536,5.29296875,4.276410192040837,1.1284276314322963,4.730021659372699,6.37610767938795,6.392687314153159,6.351119822410776,1.3515133279539706,0.027777777777777776,1.1625125004114871,8.268776340797466,0.5307951888708328,7901.413043451309,0.9401025390625,0.34359712456898406,1.000925455747746,2.3388671875,1.531354767552907,2.38548764924383,0.9936881933845084,0.9372445033860156,1.0675728635987487,0.972342248198563,1.0743539781453864,27.277777777777775,0.18480917659638238,77.38378743155346,46.28611725365615,531.2657499843174,0.27942003038194446,0.017331642113882564,0.27995703098334657,0.626220703125,330.80059526207174,3.113270733685723,0.27791410283179085,0.2821632120558818,0.27977757379843665,0.28177077874531575,1.0067052047652785,6.138888888888888,0.007058953244956925,0.05733273968674063,0.13432125119153987,1.3518804258770414,0.1383383517795139,0.03838222910232705,0.14356425419976956,0.269775390625,3.761817554362956,1.9896633242180592,0.15490130409921465,0.1387376307008703,0.13634346727173885,0.1400047970592819,0.8801957353723151,0.05555555555555555,0.02008824213273836,0.2599611151170266,0.6097570752787554,6.629402011881272,0.16585184733072916,0.03287111160014406,0.16907792653343198,0.23681640625,1.2228747715133839,1.909628200335526,0.19361394442819235,0.157354094235677,0.15334720497211676,0.159645741166693,0.7920256230769074,0.027777777777777776,0.02448410114241237,0.3039033567953978,0.266800710073294,4.862296102278763
13,2,8,Stainless Steel J45,2,0.75,0.25,0.49,-0.16843532986111112,1.5241388975086874,1.5334176988819515,6.33544921875,-1.1678774379956096,1.8994157028275067,1.1627023785649446,1.6772847773326311,1.6996906990217078,1.67274949919876,1.4618450347710963,12.388888888888888,1.5989764771871016,10160.48596555483,5.722562194387894,10453.502577670411,5.831290147569445,1.6114562480887176,6.049854215156316,5.693359375,2.402046747023946,1.1614109923338793,4.52440871385159,6.6408243109019915,6.725428338454794,6.618452908383484,1.4864767450970395,0.027777777777777776,1.5035685655897677,12.581096529370752,0.5814972810056763,11685.560978444413,0.9320822482638889,0.36607451516487544,1.0013929639166956,2.2998046875,1.2648595091618855,2.342927792375797,0.9290120628413494,1.0059151070472379,1.0646290382358532,1.01497638942712,1.1459797787552126,27.25,0.1835985357151016,134.60424198296508,36.01680446215395,603.0479887392785,0.27272284613715275,0.031619254152188726,0.2745496822767963,1.339111328125,761.0274125548215,5.74449194193547,0.2790840467327321,0.2711538621947465,0.273350072235264,0.27145485806722974,0.9794543093215237,6.138888888888888,0.007555015909429309,0.24365370105322187,0.44451333640767177,4.499013503392538,0.14956610785590277,0.03069095869125532,0.15268253195618642,0.3656005859375,3.9879909360261703,2.894204894223299,0.16550382373893022,0.1478093861903159,0.14386360337309373,0.14933474037075742,0.8692464024277028,0.05555555555555555,0.016382275757062907,0.3809137003483777,0.7095773480376344,4.238708900080788,0.19014112684461806,0.058911857114159014,0.19905842113907218,0.419921875,2.9255308888084466,2.5602712599204103,0.2412810814371102,0.18209426284496547,0.16582486019480883,0.18544095178129424,0.6872683892459717,0.027777777777777776,0.04719095465979111,0.774731120599724,2.125893738534692,15.6178151195248
13,2,9,Stainless Steel J45,2,0.75,0.25,0.56,-0.16877360026041666,1.5899304331547581,1.5988631306076637,6.73583984375,-1.1152326313375434,1.983526080524906,1.1610158208455812,1.7736612836943317,1.781925319905314,1.7650035763831282,1.5347984824250864,12.472222222222221,1.6260857743924224,11036.562300159792,6.154773060964504,11375.45452284548,6.0392860243055555,1.8334833256742862,6.311468671307657,5.9716796875,1.587629255392983,1.1534991008664262,4.495535560070707,7.035140787291563,7.0569727573386976,6.985429652932286,1.5697735371106047,0.027777777777777776,1.8091037118659168,16.135219132757435,0.625000380188819,15127.475429709757,0.8648681640625,0.3622580531092255,0.9376714980478642,2.05810546875,0.639690809590749,2.2756253836682996,0.8008079164608487,1.031035068539925,0.9661039711793364,1.016661381642618,1.2064116142220593,13.61111111111111,0.24167935555928957,163.38371450681677,20.42622735166215,590.539055764675,0.27750569661458335,0.056131877019772666,0.28312576582025883,1.5478515625,288.6781973817956,6.3163805418554295,0.30484116094817076,0.2729715182362903,0.2702573119038045,0.2723830534937898,0.8865512487329549,0.05555555555555555,0.011883525491994366,3.0516970227742526,0.780181847431658,14.178567184342278,0.14653795030381944,0.02119498337973513,0.1480628184241807,0.1531982421875,0.6852857029313855,1.5705762445119198,0.14368228086077722,0.1504441166160807,0.14996587792357152,0.15089418895565787,1.0437325815344125,0.05555555555555555,0.009701400286237474,0.31936334869485855,0.31235579586247736,2.021523313721021,0.1733858913845486,0.03363055803461057,0.17661733143984992,0.419921875,6.330993797400653,2.8890364387810705,0.18254170617300008,0.17872732118643217,0.16827392983992917,0.1770491080775791,0.9218382657191287,13.61111111111111,0.013776144564224437,0.6333121027862506,1.1772179667444895,5.089565821488698
13,2,10,Stainless Steel J45,2,0.75,0.25,0.68,-0.16092393663194443,1.8567351189562527,1.863695741087212,8.19091796875,-1.1688323426454728,2.1274093526055147,1.3819272844834907,2.0571946255616846,2.0684082524975675,2.045450254308168,1.496756215556346,12.722222222222221,1.8175211654492993,15161.343872102505,6.6168272031661335,15513.594535986582,7.08458984375,2.059180715665565,7.377780050525673,7.138671875,2.359057399966738,1.145622176266664,5.417456584211329,8.151313499004846,8.215970290898724,8.10980286897194,1.5165733519385098,0.027777777777777776,1.9541876771988669,15.7083885000839,0.9334902859230321,19081.01399811639,1.2296091037326389,0.40095852667963733,1.2933314687655633,1.9482421875,2.739488269058463,1.5460164443833253,1.0975746459312057,1.3898777950949608,1.371746505593809,1.3977633397382292,1.2497979164141406,0.027777777777777776,0.2892024050113206,53.32861679561908,27.807073690902516,723.4548380772274,0.26736382378472223,0.026680959650488084,0.2686918083542164,1.279296875,1120.1719525039655,5.6289441093832515,0.27518558128520343,0.2651006731478892,0.26566970579883137,0.26516276588144283,0.9654201523134681,6.111111111111111,0.00746203050283388,0.10533319516500686,0.30065080106409886,3.203480573495229,0.1625339084201389,0.027591023091727014,0.16485913969681604,0.2081298828125,0.6644848868070263,1.740062667453919,0.15684180005281384,0.1689513574742544,0.16849835722796463,0.169534145058027,1.074320475608069,0.05555555555555555,0.012570021988444615,0.3917166202574437,0.612683955568844,3.4257512994110586,0.19335957845052085,0.03335509347389963,0.19621541437719847,0.2490234375,0.45568183726293743,1.7419471150362336,0.19167174590851133,0.2007637445509861,0.19610539822222278,0.20027056177647923,1.023131486034607,0.05555555555555555,0.014378199656633395,0.16252052751660062,1.6527305868210878,5.0065529468986725
13,2,11,Stainless Steel J45,2,0.75,0.25,0.83,-0.15550672743055555,2.0053952186692694,2.0114155029077727,8.63525390625,-1.224184101219778,2.1617336273704613,1.5931096423598505,2.195869585989027,2.185757398423172,2.1859652434981873,1.3720068853424556,12.86111111111111,1.8765620727584904,17678.910727390365,7.7389160142019815,18097.268534215284,7.725205620659723,1.942533640843567,7.965691359027258,7.6025390625,4.043788223050371,1.1235930328077595,6.26850874472392,8.713570360834577,8.668114337383276,8.666852284577267,1.3828032615698362,0.027777777777777776,1.752762666190448,19.804353805522254,1.0823509282420034,16980.466903315657,1.149814453125,0.309576441986341,1.1907606182806287,2.0458984375,5.032736125761039,1.7612003089068877,1.1198044038388253,1.2092592985744566,1.2399445939632068,1.2242140852030459,1.1072867633959345,0.05555555555555555,0.14326509339763324,44.51682183939402,42.49244971165909,431.2692966355218,0.27000434027777775,0.019237924116242776,0.27068882779520165,0.772705078125,561.822213131878,3.7294538256258805,0.27507571077682275,0.268280842195148,0.2686560394465549,0.26822960171463633,0.9766621658010499,6.083333333333333,0.00534548036672737,0.10660455889235176,0.16499869528323358,1.6655012716849642,0.1779562038845486,0.04156189290917414,0.18274518172360302,0.3680419921875,3.209984035587974,2.451490335611609,0.20879424350116227,0.1693142367005535,0.16710792159818272,0.1708134829126155,0.8003473601380802,0.027777777777777776,0.022414214208654578,0.6488165864186435,1.3501140352512109,7.773330302039783,0.20086432562934028,0.05479097940338495,0.208203094920589,0.3460693359375,1.8716839067469957,2.104831448553379,0.25730143548139955,0.1828235055729846,0.17440505529585848,0.18566037992825798,0.6778238721037617,0.027777777777777776,0.04577813122827374,0.7611976659004479,0.7637791913677325,13.509259981413685
13,2,12,Stainless Steel J45,2,0.75,0.25,0.92,-0.15931613498263889,2.088891572836251,2.0949581461050992,8.8720703125,-1.1732636585721357,1.9834637008025169,1.577401785485884,2.301185663039823,2.3201071210533053,2.290438406605559,1.4708409375475933,12.972222222222221,2.120717968265363,19179.63678994379,6.675588581534788,19636.793541383733,7.952958441840278,2.2714493932112694,8.270975173675616,8.037109375,2.742757146832324,1.1299396901522527,6.171935410344762,9.124285919519693,9.158695907172715,9.07997646498886,1.4839260780049404,0.027777777777777776,2.1212830275642003,24.632252599195226,1.2622825484240492,23217.671260558243,1.0149378797743056,0.3122580101012391,1.0618869830039108,1.8701171875,3.327024126373498,1.8117070420788035,1.0148351875004646,1.0482349956301988,1.11987714958673,1.0671553007884205,1.1035064248658772,0.08333333333333333,0.1669368974395511,12.754351491596324,39.57488008471333,438.77320508162177,0.2679132758246528,0.017435413707225043,0.26848001231793506,0.673828125,333.46444913962193,3.3691186461725837,0.27314406135672326,0.2652934342458212,0.26693869433697404,0.26558255136931536,0.9772817062581307,6.083333333333333,0.007326892323020464,0.0789607431220663,0.11196760765211544,1.3679978569348656,0.18195841471354166,0.04649773456318711,0.18780549513944958,0.4229736328125,3.890419954285278,2.6844283243717526,0.2136680520742587,0.1746148380247038,0.17224498215657774,0.1766945069056825,0.8061335351001155,0.027777777777777776,0.023020738350998354,0.9282016632895357,1.506128716215471,9.729236468258833,0.21446845160590278,0.07749362215297387,0.228039422487914,0.535888671875,2.046948964973174,2.770195873570854,0.29704304882898425,0.19137291553119148,0.17648730540562158,0.1963397796547574,0.5941472325354098,0.027777777777777776,0.06932214235390174,0.6705677988487921,2.990058994154161,27.023715365843636
13,2,13,Stainless Steel J45,2,0.75,0.25,1.07,-0.16284695095486112,2.145964542309429,2.152134509338255,8.96240234375,-1.1784115743058632,1.9772793360664316,1.592512264079724,2.382664197465339,2.383666262236884,2.36795255428302,1.4967961729414685,13.055555555555555,2.1820302038870443,20323.191677647937,6.1783843059434265,20723.323747118313,8.155044487847222,2.443110683797965,8.513139280668156,8.53515625,2.3044010977486264,1.158595075778659,6.2096642138714016,9.453650867978594,9.459871925850678,9.388832012514621,1.5234111861827937,0.027777777777777776,2.3334263248938467,17.168831864451516,1.2596716775129884,26859.554768668288,0.8613967556423611,0.3203641742158231,0.9190416610536063,1.9140625,1.0411762795067272,2.138458042257744,0.7790940992116302,0.9904774003323871,0.9725634314845127,0.9963908786793398,1.2483260141087646,0.027777777777777776,0.2006185461124289,29.829816686291796,40.45833707659706,461.84986951616065,0.2656479220920139,0.024744705963346183,0.2667978991390621,1.082763671875,672.9519666632202,4.936840492842384,0.27016928246979294,0.2645256329995532,0.2656654009294292,0.2643159592312586,0.9833294092533732,6.083333333333333,0.007957231022495941,0.2220490313003044,0.38153052893859973,2.755565383699205,0.19133870442708334,0.056654258700748174,0.19955000586511157,0.50048828125,4.880958008140558,2.908766318603162,0.23628869345134754,0.1802944385340685,0.17641480465946807,0.18320751632275173,0.7466070512417148,0.027777777777777776,0.03211674208525411,0.612134067161085,2.0072770331328136,14.443677398562432,0.22461846245659722,0.07396762704574583,0.23648396040142833,0.5194091796875,2.3563778432877704,2.6015902894879126,0.2930184669695159,0.2117694844975245,0.19253013798343477,0.21399747146188863,0.6570580345144752,0.027777777777777776,0.05559403039504073,0.4495028408270526,3.9783322338069795,24.620452752709397
13,2,14,Stainless Steel J45,2,0.75,0.25,1.3,-0.1576803927951389,2.4117894759749685,2.4169384730885564,9.86083984375,-1.1511322875614047,2.011155806352998,1.6439076151058245,2.7053550003789066,2.7392328895164892,2.6904418428842214,1.666293692142885,13.416666666666666,2.228694532415297,25786.583399278847,7.5417865090515335,26175.302834542585,8.541151801215278,2.7168726872216156,8.962849507270207,8.662109375,1.9178228316984374,1.1151718188944788,6.422090583394085,9.992617215561921,9.9951171875,9.939808871438824,1.5563650275106466,0.027777777777777776,2.6112599967907726,14.714429192899908,1.5219871972264118,33216.288416968455,0.9783062065972222,0.370151361833824,1.0459899925592413,1.796875,0.8210710687386413,1.7668854811202483,0.8263823136745705,1.1300166704416683,1.1499738213420485,1.122770880977044,1.3915760324402446,0.027777777777777776,0.23389808256456449,48.223654613235745,73.02820612600934,616.5545228123665,0.2685320366753472,0.017678779835828162,0.26911334782484075,0.810546875,707.6889765475843,3.882831838129835,0.2687686812021896,0.26959222758025314,0.26897845409183596,0.268826716584804,1.0007804960336453,6.055555555555555,0.007274952184549263,0.14423430284032146,0.1304382906917362,1.4064301331837972,0.18940999348958334,0.0425489649803154,0.19413026568420522,0.308837890625,1.3886419149682245,2.0153238351763694,0.20245520401641082,0.19238957620726924,0.18723734001881445,0.1926159660967487,0.9248334263792852,0.05555555555555555,0.02378915449931915,0.5508518626457651,1.0451089700052283,8.146867013308738,0.19935709635416668,0.03571556109372632,0.2025311165500358,0.2850341796875,1.1532151365506103,1.8654299824301896,0.20203419865145217,0.2072708018543461,0.1981856624151569,0.20669442127365972,0.980951065403859,0.05555555555555555,0.021502016193305325,0.16478440908663539,1.184002390030701,5.740205943584442
13,2,15,Stainless Steel J45,2,0.75,0.25,1.53,-0.1581857638888889,2.451806307509664,2.4569039267829105,9.951171875,-1.2195029727104247,1.9535988506416295,1.8526570836373348,2.7128557994374978,2.70503343015028,2.6934183956592452,1.460083171376469,13.388888888888888,2.4982679166013377,26617.261460001293,8.640015857205317,27051.13244400024,8.870221354166667,2.3462708472900378,9.175282761896629,8.681640625,3.937483323376327,1.0893524970160051,7.263105816285242,9.9951171875,9.9951171875,9.987794165641732,1.376149190211311,0.027777777777777776,2.066083793517144,14.880858409765896,1.5302083517465763,24772.442111163662,0.7196893988715278,0.25608249621549234,0.7638920576338117,1.6943359375,0.8518071920481423,2.2883427802805674,0.5941956186352156,0.7729350477708065,0.8944809700995938,0.807835815063714,1.5053644659213268,0.027777777777777776,0.16790497563073392,9.968381441243448,70.67117578949167,295.10295279820764,0.2671567111545139,0.02597656758165925,0.2684166358075089,1.578369140625,1599.9328867489305,6.7534716511572075,0.27000648784348386,0.26643648358242955,0.2687946574493604,0.26705602623565156,0.9955118471270736,6.055555555555555,0.006980830845751667,0.1402367261616046,0.36609343352360635,3.0365485926469167,0.195482177734375,0.05337777371629402,0.20263876366253736,0.443115234375,3.8545199459927275,2.5963593409559795,0.2367716295311717,0.18329638924855582,0.18310935190109895,0.1856185152385343,0.7733584984977774,0.027777777777777776,0.02814643277156541,0.7795533863264756,1.8333680825697758,12.821430500596762,0.2162403021918403,0.07796931435185225,0.2298675320103219,0.5194091796875,1.9599720803738547,2.676473574233936,0.3039667219717436,0.18721214225105573,0.1762756152877426,0.1926700745871934,0.5799174795987337,0.027777777777777776,0.07111260889066678,0.8870389657781885,2.002144212788469,27.35646299968164
14,2,2,Stainless Steel J45,2,0.75,0.5,0.09,-0.16569363064236112,1.4406641253649208,1.4501611984013776,7.07275390625,-0.8326268965455634,2.2912996913121955,1.4782293031545626,1.6947614181373258,1.1187154986568721,1.6372801625852822,0.7567942918392412,12.472222222222221,1.4412553653408913,8858.864823303971,16.150516963592693,9339.81113736894,5.390300021701389,2.0122304697280664,5.753642827570723,5.6787109375,-0.5178181545428084,1.2161113440985476,5.837337123496399,6.743135379598589,4.446216135190088,6.521706511766298,0.7616856866623682,0.027777777777777776,2.3506238622986406,23.10035721257901,0.003357488034303438,18220.821585241956,0.7110734049479167,0.34660358360008225,0.7910495758096601,2.77587890625,3.9010489595843136,3.570834392217249,0.6659260022969725,0.7593482642052471,0.9258569367235846,0.8745237757513518,1.390330056988366,0.05555555555555555,0.20017308428271863,81.81435397142799,74.46934562584066,540.6032602522107,0.30787760416666665,0.022153609036668076,0.3086736165284559,0.947265625,530.2979749990618,3.9269899927234437,0.3127779884494827,0.3088794190803266,0.30430517417941466,0.3098830612606703,0.9729110916274197,0.08333333333333333,0.005213137581064451,0.3514306378450826,0.14317281368579338,2.20852852165699,0.15074354383680555,0.03590630783887792,0.15496089490932602,0.2606201171875,3.2724521006047143,2.205697606483232,0.16155233966415067,0.1492549119274984,0.15382603702836242,0.15344756755703257,0.9521746162769888,0.08333333333333333,0.020108172143653576,1.652333382938982,0.8557093746777884,5.801683255781731,0.16302605523003472,0.04399960852031791,0.1688592912273635,0.3802490234375,9.128173159209846,2.786823581142941,0.16972378624978282,0.15183809596016692,0.18351950767602843,0.1609715703436849,1.0812833706522573,0.08333333333333333,0.022962717881011,2.8616467145389057,1.0948765604911825,8.711849373082321
14,2,3,Stainless Steel J45,2,0.75,0.5,0.17,-0.17068060980902777,1.6082626126596293,1.6172941914950285,7.97607421875,-0.8708745930718891,2.3534075394357217,1.5597196675864036,1.8943856414736,1.3511103231984765,1.8602075482392197,0.8662520267435361,12.555555555555555,1.5072214862744706,11156.47852829885,21.833899594366464,11639.312714759508,5.992028537326389,2.26156614797825,6.404614542173089,6.5771484375,-0.44242548695147654,1.2266851128615,6.129395081650651,7.531335350070062,5.363465864463655,7.3961855471563505,0.8750399987300654,0.027777777777777776,2.62850087005952,21.03025743705674,0.006048812714753025,23016.06648979187,1.1541617838541667,0.5114931168832145,1.262424109373842,3.515625,1.0115428448395418,2.825432835736294,0.9967467059069922,1.2782954513506377,1.4675151239782311,1.4287341828192444,1.4723049650240498,0.027777777777777776,0.3765530002221623,162.03339771898357,98.34272227010791,1177.3143711619905,0.30710218641493053,0.07336419810644929,0.3157436594211087,2.166748046875,204.10662932390164,7.693580365806068,0.31947609317338876,0.29644492267578487,0.33035981762968003,0.29960158535655024,1.0340674143976851,0.027777777777777776,0.017167066018860082,5.877351253583154,1.6698411327027465,24.22042197651333,0.15668124728732638,0.03623066046300597,0.16081565225157016,0.2850341796875,3.2144118125010337,2.269618841603998,0.16396950553611891,0.1577231476824886,0.16069359653285006,0.16065070004199367,0.9800212302125456,0.08333333333333333,0.020312580116750512,1.3283345765202634,0.9362799533265689,5.9069923635986115,0.18722249348958334,0.05234612934910737,0.19440262170631997,0.3887939453125,3.2950528635810796,2.4740254376639625,0.20522184240748095,0.17451414047180405,0.20200482210367693,0.18199060276845624,0.9843241817436936,0.08333333333333333,0.03158762158526187,3.18472385869154,1.190586535326114,12.330529623561434
14,2,4,Stainless Steel J45,2,0.75,0.5,0.24,-0.16806287977430556,1.6808155450219338,1.689196858849025,7.95654296875,-0.9083686580522308,2.2113180846459612,1.5496712691102033,1.9863261044972413,1.487677938306347,1.968749739329003,0.959995818442545,12.638888888888888,1.294219508855157,12270.001518601119,15.273864570436697,12713.13404685656,6.275583767361111,2.3381901338856843,6.697020585556434,7.0068359375,-0.36854903974579,1.2416610612537184,6.107483908550994,7.894021142997968,5.910442002997037,7.824358982423558,0.9677376300119135,0.027777777777777776,2.7382877303910553,17.324492211900758,0.007656282413209497,24602.098960161205,1.0667222764756945,0.441017339787537,1.1542931642883292,2.8369140625,0.588532416798083,2.5000080367617725,1.0080248261575295,1.230450389260851,1.2112208373315718,1.2759831055678221,1.2015783797196755,0.027777777777777776,0.29617871657035405,166.17960855872488,65.73016383480902,875.2333288272221,0.3032956271701389,0.09972012535009636,0.31926844639012925,1.787109375,136.3530732442966,6.392788413879104,0.3016851096855763,0.29021164097832775,0.3613313169596132,0.28992272866446434,1.1977101466366755,0.027777777777777776,0.023966432788148768,11.194446721763386,2.378593720965961,44.74902578194937,0.16135206434461805,0.03821166694870317,0.16581501789424377,0.3009033203125,3.3119719008938633,2.304254964219763,0.1665185923732401,0.15913216480220263,0.17155865759909775,0.16265277924806074,1.0302672821936945,0.08333333333333333,0.023268729649893564,1.2272044845275798,1.1926655277305955,6.570704355835915,0.1911105685763889,0.05635531018219204,0.19924650663768667,0.440673828125,3.8912665393755272,2.680386352562957,0.214680668462128,0.17436780839535432,0.20641121385724187,0.18244092992882338,0.9614802084224694,0.08333333333333333,0.03780930043972493,3.025767966817637,1.3227818206473136,14.291649734725553
14,2,6,Stainless Steel J45,2,0.75,0.5,0.35,-0.1639990234375,1.8588832873814514,1.866103629436084,8.525390625,-0.9011510615431217,2.129897457088749,1.8025132759705826,2.2153944332242848,1.5132751443713812,2.1588996974130286,0.8395361990088767,12.86111111111111,1.761445748422527,15148.20627244252,6.93090596446547,15549.516375741692,6.8714404296875,2.7762149978694386,7.411077067008488,7.7685546875,-0.6403525070254643,1.2261259706705452,7.11134907349984,8.815904889762146,6.0399275830856,8.602149870702855,0.849336394636167,0.027777777777777776,3.2963072756563627,11.810954091391556,0.007295479884814313,34683.16371938917,0.8812201605902777,0.40700946265131344,0.9706727945700683,2.98583984375,1.6207482993241715,3.1213248925885027,0.8267723853021524,0.9759946479315138,1.0910998544891422,1.0993370480517064,1.319710084523915,0.05555555555555555,0.2950513328911285,86.75887841162344,72.04464733718892,745.4553375919659,0.28652737087673613,0.07599413699998635,0.29643387647147784,1.52099609375,122.95070495904403,5.966925404003849,0.2945102783683308,0.274005786184952,0.319066849472484,0.2811509180380636,1.0833810325405395,0.027777777777777776,0.019960716557506548,6.669917234386644,1.8260419124612204,25.99062226215998,0.16933797200520834,0.0437966188714461,0.17490995565549558,0.3167724609375,1.2112872835360262,2.219333898377805,0.1697327379684262,0.17608037293607395,0.17879311421488517,0.18101401648961296,1.053380251534883,0.08333333333333333,0.02570955959038431,0.9998649682942085,1.9108641517661824,8.631662093185717,0.20961751302083334,0.06997587327474702,0.22098896942065385,0.4986572265625,2.12833421821529,2.6017188703232375,0.2014583581671622,0.2037549511696988,0.2537849948583113,0.21852427979297048,1.2597392193960526,0.08333333333333333,0.04145701976016762,3.5527149997600533,3.588380286930694,22.034815503491295
14,2,8,Stainless Steel J45,2,0.75,0.5,0.6,-0.16773817274305555,2.2304986158914546,2.2367968548996293,10.009765625,-0.9343601275655242,2.2222416461789276,2.1563935291969205,2.6522673500829472,1.823520046829278,2.593025917188508,0.8456341674835156,13.305555555555555,1.9044528874000846,21986.748964587972,8.605182018789726,22388.066466522214,7.902601453993055,3.1562917834289337,8.509599729881197,8.662109375,-0.47058757985212774,1.174569604302592,8.209562396643145,9.9951171875,7.066864959240938,9.831369042812593,0.8608089710275604,0.027777777777777776,3.6394479307946472,1.460934218223944,0.01128273678699699,44829.800207085085,0.9440549045138888,0.4137786166740529,1.0307533198362355,2.63427734375,0.9935779017952409,2.60779007888819,1.0879138681518685,0.9987164425613331,1.003178001104857,1.0859129550273119,0.9221116031998383,0.05555555555555555,0.29170734794192443,81.08849602555318,80.66499255507732,770.4584096431735,0.27999226888020834,0.05411969728112553,0.28517470481528956,1.578369140625,224.59279183554256,6.395134063279729,0.2912488723768527,0.27480922406936176,0.28918475323756215,0.2746102790220745,0.9929128682200707,0.16666666666666666,0.01046095091135675,2.584597956851969,1.638747969422739,13.180238485336305,0.2076653374565972,0.0763618356761951,0.22126007847960424,0.84716796875,4.731965681952878,4.123995581162248,0.2536070381133503,0.20437042773427516,0.20195114625444688,0.20823518871166422,0.7963152275142471,0.08333333333333333,0.048716401378807866,1.2532966599624054,4.591219026787889,26.240091395378112,0.2785567220052083,0.15035421029075227,0.31654420848665465,1.00830078125,3.95632012750728,3.4456427031217767,0.41182807282870115,0.22414360431992641,0.28417950463043307,0.2403951362865939,0.6900440338573928,0.08333333333333333,0.10108994464638922,6.433508081137588,11.179144881266563,101.7287872157991
14,2,9,Stainless Steel J45,2,0.75,0.5,0.81,-0.15650227864583333,2.4144963795861525,2.4195631279749605,10.5908203125,-0.949099500020222,2.1330845857365914,2.289954519222783,2.8783885350554583,2.0084434101861994,2.8193684916504664,0.8770669431757409,13.527777777777777,2.0639542042762846,25822.823390567344,9.515861917314469,26234.070294433164,8.0061865234375,3.13947803267527,8.599729354213586,8.662109375,-0.259744697536755,1.1622595055974312,8.252655712065819,9.9951171875,7.338756093740817,9.906109213565687,0.8892599364118835,0.027777777777777776,3.51860654585289,0.5926248154722322,0.007746618504108545,44353.450436104664,0.8524131944444444,0.3863298626553868,0.9358733978708403,3.076171875,0.9416530541576655,3.341735552442337,1.0232880335177301,0.9281471335429572,0.8479395907034567,0.9817341812672007,0.8286421446643105,0.05555555555555555,0.28867776396923206,21.12119345317725,48.45847045184525,671.6294887661935,0.2790077039930556,0.07010019315774384,0.2876792240816662,1.563720703125,171.4354854033213,6.267322645145802,0.27840213665949587,0.26985105440215207,0.3129707121220174,0.27017871379398317,1.1241677807408539,0.027777777777777776,0.016936797047650595,2.5547151685938947,2.976947252370579,22.113586703936257,0.21581780327690972,0.08559865648387634,0.2321733279322058,1.0296630859375,5.490020283471056,4.747724175263009,0.2736002828071157,0.20648846309154456,0.21028257765993089,0.21005175910588586,0.7685758782938726,0.08333333333333333,0.0551683703530899,1.118296209160768,5.173613268912904,32.972160543666945,0.2898803032769097,0.14078894796291608,0.3222609472095833,0.8038330078125,1.7887017564941603,2.750039917724308,0.38479967273261967,0.2401270479331391,0.3253068812752633,0.25881584431961646,0.8453928221017608,0.08333333333333333,0.09881276409375961,2.3222344764162903,11.98824952965078,89.19702550123137
14,2,10,Stainless Steel J45,2,0.75,0.5,1.14,-0.1570236545138889,2.611041952716808,2.615759260123932,11.2548828125,-0.9305458239477722,2.1485605625778135,2.4978673151107973,3.1227988450972006,2.1296421694578327,3.0461652772288077,0.8525841851465071,13.777777777777777,2.4689662373099357,30254.69228404664,9.534407889428692,30680.150264671112,8.065295681423612,3.086984639016233,8.635882617909564,8.6474609375,-0.20951746897858525,1.1573938217700621,8.440225754312955,9.9951171875,7.252284288092407,9.869896811107242,0.8592524061795965,0.027777777777777776,3.4267047040722627,0.6010989638820489,0.012392032190276733,42882.63373210697,0.9540855577256945,0.38364497817352894,1.0283300641032125,2.43408203125,0.40090991512265983,2.4358743364023514,0.9652061739251819,1.106555533018662,1.008117084657356,1.1649420125593415,1.0444577665284394,0.027777777777777776,0.30125457728414484,9.144635307920481,31.15458917557715,662.3256715615591,0.27281778971354165,0.030692369096681785,0.2745388276818949,1.0546875,337.5225111022235,4.704266850539812,0.2724145884041227,0.27178836242292626,0.27934939017460564,0.27257560040000994,1.0254567929386926,6.0,0.006380882995503119,0.8007096726043916,0.3467440128383922,4.239103757672839,0.19975558810763888,0.058484466024791563,0.20814112459202694,0.3704833984375,0.3453674303319305,2.134782054103597,0.21344250823010058,0.21088943257554937,0.19984025157036633,0.21341334049837118,0.9362720351605388,0.08333333333333333,0.035060544808801594,0.5521969842922339,2.954482843270136,15.392034423102936,0.245531005859375,0.06903590938383919,0.25505182144570165,0.489501953125,0.2505712122945236,2.259038464160359,0.25660974770670086,0.24866386208710983,0.259753760207887,0.26006468430197466,1.0122521164113363,0.08333333333333333,0.04388069702274474,1.2504529285779482,4.198968483202505,21.446806308958266
15,2,2,Stainless Steel J45,2,1.5,0.25,0.15,-0.16262369791666667,1.7675322014949164,1.774997619842223,7.5146484375,-1.1722626051727272,1.9916399946013645,1.3304656701641235,1.9389823144916398,1.9804187274261076,1.936885687129869,1.4885154663042206,12.61111111111111,1.582606513609489,13730.482139587048,6.654319792978601,14058.76539402008,6.7273529730902775,1.9589762455681334,7.006772863112292,6.8310546875,2.2765577276126603,1.1651672830698354,5.168064122510575,7.685162755987928,7.843085139492972,7.679080656490688,1.5176060036350532,0.027777777777777776,1.8207954750285364,12.95740288494267,0.9372731555600268,17269.146202246346,0.8685983615451389,0.41052026248016266,0.9607236853464588,3.42041015625,4.609091029982598,3.611067712980256,1.203317445993995,0.8004126989281837,0.8248252144048664,0.831423812993281,0.6854593666457842,0.05555555555555555,0.19784699644102002,19.499547166611936,154.18237893193142,758.3709905147554,0.2733629014756944,0.02736727108250933,0.2747294003737383,1.28173828125,744.638282290965,5.549672517942655,0.2798044461029984,0.2704949312781113,0.2738077690332863,0.270989614598257,0.9785683281547831,6.111111111111111,0.009564520602755084,0.20136161756344576,0.39208542490571596,3.3703619278139536,0.18176099989149305,0.060398569949273936,0.19153341309931454,0.4046630859375,1.4653013123466003,2.5238334642391957,0.23084199741020642,0.17455677161769312,0.16216365411057065,0.17991109081088277,0.7024876579212997,0.027777777777777776,0.04330900908719479,1.2265327005409323,2.983884492389962,16.415945040186244,0.17174153645833334,0.04374591720543463,0.17722545138104115,0.2630615234375,0.9144881298619518,1.983702099559774,0.20677677925906945,0.1658677605755067,0.15478317548284692,0.17044254924182933,0.7485520184494215,0.027777777777777776,0.036215852319286215,0.5775785266419345,0.6807831041818796,8.611686510592701
15,2,3,Stainless Steel J45,2,1.5,0.25,0.28,-0.16101236979166667,1.8969575144602278,1.9037785572101218,7.998046875,-1.1222131047622383,2.044146126008961,1.3640109320087817,2.1009957268956057,2.1443902437770275,2.094457732194168,1.5721210097773775,12.777777777777777,1.590801798998028,15749.668974574304,6.922505703577241,16193.793427038185,7.190436740451389,2.258755475399382,7.536866511759372,7.568359375,1.7422326877649548,1.177156355185193,5.329553972217615,8.338649899798707,8.513274502448875,8.315245122593922,1.5973709144944679,0.027777777777777776,2.1703383063079076,20.028831628732128,1.060097283323396,22958.89398288727,0.8777463107638889,0.41355210876804976,0.9702906434291316,3.212890625,3.8740224377346992,3.3641055681151775,1.1544064800553118,0.8882942162973431,0.8382546524042374,0.8927303085975643,0.7261347427329701,0.05555555555555555,0.1917331068120162,39.90344270424924,125.13656218781765,769.6142751177154,0.2801955837673611,0.022577289181408985,0.2811037160008975,0.623779296875,272.4700749842886,3.083200859383989,0.2835589109867267,0.2788844845397309,0.28084815422496534,0.279418926647314,0.9904402342626847,6.111111111111111,0.009388176566545543,0.2151652504922592,0.28122831364836554,2.293835381666819,0.18654534233940973,0.06609455264968149,0.19790819750199606,0.5218505859375,1.7915755101628257,3.0130812371048235,0.2363066802790904,0.18374740413585972,0.16702996211541224,0.18907905813487658,0.7068355491183796,0.027777777777777776,0.04494621726822618,1.6981064624702396,3.457851558758941,19.658229410648346,0.1981600613064236,0.07285924809403842,0.21113000717518626,0.416259765625,1.4999116888019195,2.3878670652754654,0.262672288824021,0.1924463441515226,0.16641908873697886,0.19895973814639767,0.6335616500774941,0.027777777777777776,0.06333698724958015,1.762081504928828,2.098208879574474,23.88812102725108
15,2,4,Stainless Steel J45,2,1.5,0.25,0.37,-0.15800509982638888,2.0373622362731982,2.043479995831443,8.818359375,-1.119281577233432,2.054935090417383,1.4278989266520905,2.272975760256108,2.3069714624684456,2.260017866004948,1.6156405887057175,12.972222222222221,1.6739711303472247,18248.66914419718,6.692733498562077,18678.978085168204,7.684327799479167,2.4988376182789405,8.080413552063675,8.0615234375,1.542135152892003,1.1620257276438477,5.602602861269569,8.995314677895685,9.14190377009359,8.954188103795888,1.6317243960465198,0.027777777777777776,2.4487892097991586,20.273225855335767,1.291569900870813,28098.853358258144,0.8849807400173612,0.3974523867607804,0.970133655711169,3.22265625,3.7094660939244797,3.374716217684466,1.13276128894325,0.9024021003209325,0.8520564778455404,0.9072670701492613,0.7521942055774361,0.05555555555555555,0.2057352878598675,13.821291589065943,110.80653211826395,710.8607020881441,0.27467339409722225,0.032436237463716315,0.27658196420896747,1.66259765625,981.340447484128,6.889522184047092,0.28622526426343925,0.2708718926539484,0.27238991289044434,0.2706549052438604,0.9516627177946774,0.027777777777777776,0.0080134448172127,0.3604628439289751,0.5912132823922607,4.7345900297164905,0.20903130425347222,0.07859401564032033,0.22331839479178286,0.560302734375,1.5276104764675908,2.8533566697186665,0.27098417605293235,0.20545358468912184,0.18430875514863362,0.21066147334231689,0.6801458219192544,0.027777777777777776,0.05567331084646515,1.3090167905381853,4.9725669578371585,27.79658684631189,0.21702284071180555,0.09280616353023367,0.23603367848640203,0.5877685546875,2.3682805861482246,2.854796524466399,0.3067792973729694,0.20541886768474069,0.17557119251726008,0.21282890860139753,0.5723045655972281,0.027777777777777776,0.0787724847443968,1.1237941268922709,6.186847962034793,38.75843195815881
15,2,5,Stainless Steel J45,2,1.5,0.25,0.48,-0.15700520833333334,2.197236164385832,2.202838486482555,9.5849609375,-1.1630930469102512,2.141235911731177,1.593060497655781,2.4423620768910825,2.4605930034768564,2.432575157901983,1.5445697179094366,13.138888888888888,1.9303841844852485,21326.14737066342,8.01232606436605,21725.38657328817,8.325705837673611,2.5848554754802993,8.717732246667875,8.65234375,2.0191622444102935,1.1465272050905637,6.252563357799286,9.679152498195185,9.757869898044678,9.632429759395439,1.5606191156580547,0.027777777777777776,2.477987220482897,18.245859919510885,1.5064068074697148,30066.65119931963,0.9407958984375,0.31165899651059886,0.9910742921813764,1.54541015625,2.4031424056147044,1.611059534180503,0.860939212573518,1.0586404825290736,1.0415127262171837,1.0469142536376514,1.209740143097787,0.027777777777777776,0.18849554710804464,35.33406455813873,31.841308440476244,437.0909861776563,0.26492757161458336,0.01237211107961984,0.26521630291927123,0.509033203125,348.7750267912396,2.821436719343649,0.26649528220147684,0.26511185671751536,0.2640360391966345,0.2646298143654356,0.9907719079132399,6.083333333333333,0.007371202130074593,0.0912498565927658,0.04397024725679228,0.6888462884558572,0.18097520616319446,0.04170791706958362,0.18571907708174193,0.2825927734375,0.20959312906043914,1.9126985496414692,0.18243219556074536,0.18931878495113358,0.18534189613736662,0.19040422024749243,1.0159494905363478,0.05555555555555555,0.020983913663538058,0.32113411419225346,1.90202311085048,7.827977274275488,0.19753221299913196,0.041297218246753614,0.201802961839648,0.238037109375,-0.06311500035826478,1.596932086933745,0.19259303946319886,0.20516006679475704,0.2073416850632329,0.20632121182509,1.076579328313951,27.027777777777775,0.020617443775463932,0.1832312583684674,1.8560943948551112,7.674571705526775
15,2,6,Stainless Steel J45,2,1.5,0.25,0.56,-0.16451388888888888,2.2118127311522278,2.217922536366954,9.3212890625,-1.1716721857518428,2.0804413755848925,1.637679924434824,2.451788440582831,2.4625756921769586,2.4376857344460072,1.5036977955425648,13.138888888888888,2.114968108487899,21590.358949429105,6.431535773055478,22014.54461452166,8.381232096354166,2.5473312109539066,8.759791535833324,8.662109375,2.309549681986767,1.141022265953862,6.389280835397843,9.703999399785827,9.757629287339503,9.644516452980355,1.5271874157229657,0.027777777777777776,2.3980347193948086,14.58508329181696,1.4272919878049544,29200.034412850277,1.017839084201389,0.44071507534466875,1.1091556153056157,3.30810546875,2.296236460114553,3.0265668292406684,1.2840415046716467,1.0375394897911983,0.9825618343373259,1.033605074658278,0.7652103384217205,0.027777777777777776,0.20381173535626293,66.61702944909152,128.7017781669565,874.0341691215833,0.26901963975694443,0.05009049384488637,0.2736432424683291,1.63818359375,244.01638927901936,6.838604431613489,0.2958693285431954,0.26305113262238905,0.2605903192737966,0.26226982799681475,0.880761519137161,0.027777777777777776,0.014416353721928506,1.5310337383276689,1.2154060566292888,11.290801048278809,0.24353712293836804,0.09304345525326926,0.2607056094804347,0.650634765625,1.3976801757863262,2.7695832854401536,0.3087746888478239,0.243921838765627,0.22150072808868992,0.2505430705213134,0.7173539026634856,0.027777777777777776,0.057022085830038025,2.2210928639700867,8.139084881076263,38.95692316244046,0.2307094997829861,0.07780468063370162,0.24347575160296347,0.46142578125,0.4527301807782491,2.2461168982929784,0.2965459993690756,0.22011603643098904,0.20359451274528895,0.22721232584251827,0.6865528895296241,0.027777777777777776,0.06091606129215836,1.6188141175287358,2.266306144501974,27.24107166719105
15,2,7,Stainless Steel J45,2,1.5,0.25,0.7,-0.12800401475694445,2.4428202069302385,2.446171619322853,9.169921875,-1.2039477990376017,1.7805246024421117,1.8209146532395548,2.6996416701851196,2.710621967696591,2.68985302048503,1.4886046212403061,13.472222222222221,2.117045357928001,26424.156264568042,8.437040727336708,26853.178105958294,8.728606228298611,2.659972461757282,9.124912064562617,8.6376953125,2.7463084515500373,1.0953658639974078,7.0701715236821085,9.9951171875,9.9951171875,9.99508793733507,1.413702221229082,0.027777777777777776,2.360919332206671,14.907366581616522,1.5227690830449854,31839.541761281755,0.8685763888888889,0.36800022525071474,0.9433181378092118,2.9736328125,2.7921805442668264,3.2040738075061794,1.0324608254563414,0.8953387007505093,0.8955113523545739,0.9065627972333776,0.8673562524357893,0.05555555555555555,0.16465888967335,51.0109063434895,114.85576448979232,609.4089176919724,0.269678955078125,0.04111396028064146,0.272794971621523,1.978759765625,701.7197274067513,8.12176323744303,0.2894356810289444,0.2636288982264122,0.2645337033219051,0.2637504697858776,0.9139636909364018,0.027777777777777776,0.011523211292496697,0.3619120613702048,1.0830394048295204,7.606617285145654,0.2665296088324653,0.11615958579998788,0.2907422944079717,0.811767578125,1.1612223393893455,3.0523635155390294,0.36191841914764,0.2644778134473027,0.2294772087782184,0.27046777532215677,0.6340578335821203,0.027777777777777776,0.08161354838328594,2.1497297762180105,10.708752544615455,60.71873021225135,0.293782958984375,0.14256417802793275,0.3265470438488076,0.7952880859375,0.7493589508428444,2.7064678096096846,0.439565233836131,0.27472609589300834,0.22628940093861716,0.2836221763456414,0.5148027721932562,0.027777777777777776,0.12798687592742766,1.830147736666577,6.813579926637859,91.4604592565033
16,2,3,Stainless Steel J45,2,1.5,0.5,0.24,-0.15583116319444446,2.4928449577511618,2.4977108188915556,9.99755859375,-0.9217323555652461,2.0008555658047866,2.2832873752823093,2.991348846275307,2.134035811833436,2.9540757720578097,0.9346330360932251,13.666666666666666,2.2724525625315186,27631.673846434638,32.61251305568522,27964.292775170004,7.9024039713541665,3.2683199411503163,8.551602409150867,8.662109375,-0.42101956362219717,1.1688005018573433,8.010129848218316,9.9951171875,7.4380887004262615,9.940094182155446,0.9285852840551276,0.027777777777777776,3.691127948174359,0.2701949324880597,0.0026944351719348945,48068.61857032776,1.1523933919270832,0.50476652489159,1.258093706529184,3.3203125,1.2701559049313929,2.6818538396541394,0.9714091577722108,1.2352677452793346,1.5095950347340885,1.368205176313635,1.5540259453556426,0.05555555555555555,0.3951570442109142,24.143686357494694,134.53434559386204,1146.5533847782349,0.3037009006076389,0.014481709206482948,0.30404597831813546,0.31005859375,19.191290565916013,1.8869858826078039,0.3033494374084034,0.3035543416260633,0.3052306526190786,0.3035017366312483,1.006201479148097,6.027777777777778,0.005802242508655837,0.07777382936886812,0.07610066907405788,0.9437483549118041,0.2164541286892361,0.06313457651191844,0.22547364497420905,0.396728515625,1.161202213061192,2.100612745911731,0.20909055971286772,0.21970535034645364,0.24601989879269678,0.2222910529610535,1.176618873327146,0.08333333333333333,0.04128854281130437,0.45326317681592143,4.6025329414869205,17.936892194549245,0.2237468804253472,0.056460316467796555,0.23076055519892988,0.42724609375,2.27669608688742,2.240277906212532,0.20215847617023527,0.2237900277115443,0.26229997239143915,0.22882643551526757,1.2974967825269885,0.08333333333333333,0.03448410752314525,0.38534486490436903,2.824143031203146,14.344954775025446
16,2,5,Stainless Steel J45,2,1.5,0.5,0.4,-0.15274685329861112,2.72387863269237,2.728158061189029,11.38671875,-0.9338976676283224,1.9777108552678375,2.626819344934737,3.2543555674184277,2.1994383806738864,3.1761765477778647,0.8373009681518586,13.888888888888888,2.666885931077189,32960.970739687466,40.71657104087085,33387.816774018596,8.074390733506945,3.1897538444289295,8.681607875583413,8.6767578125,-0.11924172188709381,1.1512979312980451,8.612140871246083,9.9951171875,7.2138483445474995,9.88863771020185,0.8376370582409823,0.027777777777777776,3.4548795144264592,0.36434451409367336,0.0036136616215928477,45785.38314704896,1.0639431423611112,0.4702445535514576,1.16323039434243,3.6181640625,1.9030111861017325,3.15661885887679,1.307222696843196,1.1170666911645009,1.0500693688109044,1.158911797051323,0.8032826934130738,0.08333333333333333,0.30380440552575,20.96529979781672,135.3776914897458,995.0848344961804,0.28787245008680556,0.041926907850749054,0.2909096305056014,2.18505859375,988.5313403037516,8.383926099356268,0.3049666609352636,0.28016632549878584,0.28703206290799815,0.2808138888774922,0.941191611003432,0.027777777777777776,0.013394907787831862,0.3814824645097188,0.909985874534962,7.910473421878285,0.26492621527777777,0.11095070183262626,0.2872210956363752,0.794677734375,1.5452927982573463,3.0324084578737174,0.3391795670812518,0.2549401568315411,0.2597125546541083,0.2589292848834417,0.7657081376953735,0.08333333333333333,0.06907923112330369,2.444848953918041,10.589932634945594,55.395264348387705,0.2554982503255208,0.09856225069067807,0.2738500925335147,0.6317138671875,2.525352395160432,2.627731418785014,0.3341277560191642,0.22884213577135976,0.24692415656440772,0.23779780044190102,0.7390112078873362,0.08333333333333333,0.06783564654889576,1.045719048330027,3.6486959168853095,43.71534908115864
16,2,6,Stainless Steel J45,2,1.5,0.5,0.62,-0.14277398003472222,2.7191753985760787,2.722921089124019,11.5283203125,-0.8737178897985807,2.035311346199494,2.6087038071592454,3.2480865457742065,2.210768194646929,3.178229531488617,0.84745849206022,13.888888888888888,2.5213085693659814,32609.41306572008,44.517144851403664,33272.625819216824,8.016929796006945,3.2519181876659324,8.651366091743919,8.6669921875,-0.28141668333113445,1.1553224174663508,8.471106918452785,9.9951171875,7.271615071248803,9.903367368381128,0.8584019941253364,0.027777777777777776,3.5442196277633085,1.6137451737140538,0.0036426818107539683,47587.37354672751,0.9216593424479167,0.4104764407298636,1.0089335220497846,2.6708984375,0.6375990712636947,2.6738668577183846,1.0563387737551373,1.0009790237520555,0.9674864054947879,1.0599574392474331,0.9158864840826664,0.05555555555555555,0.29826310701711767,49.118876066122915,66.97940900262591,758.2177988741133,0.2792595757378472,0.022441891310839686,0.28015986351883093,0.772705078125,279.6456999814915,3.646948220176887,0.2863710377356767,0.2745261138901639,0.2794560590132666,0.27490619175658715,0.975853079357862,0.027777777777777776,0.00778371136800789,0.269972698706498,0.22700465995437996,2.2664699236551917,0.22726704915364584,0.10802384664904931,0.2516335889261666,0.889892578125,3.1654123042487745,3.781443049785761,0.2943446375559465,0.22408540922270065,0.23044598704065614,0.2279168019906002,0.7829121296522854,0.08333333333333333,0.06841864194386636,5.670896934739005,9.705484383506807,52.51131470931901,0.2707382541232639,0.16429612160743162,0.31668978168068035,1.1810302734375,4.1661458648729965,3.9278074517390844,0.40354123103535616,0.21709572696421686,0.30149821500502855,0.23082512344870196,0.7471311276706019,0.08333333333333333,0.10596343513553125,10.368953980349911,14.959312108976778,121.46947132075826
